,,Net,,,Foreign Net,,,,Buy,,,,,Sell,,,,,Foreign Buy,,,,,Foreign Sell,,
Code,,Val (M),Vol,,Val(M),Vol,,Freq,Vol,Val(M),AVG,,Freq,Vol,Val(M),AVG,,Freq,Vol,Val(M),AVG,,Freq,Vol,Val(M),AVG
BUMI,,79920,6916841,,0,0,,3368,9860832,113960,116,,1889,2943991,34041,116,,0,0,0,0,,0,0,0,0,
KREN,,683,401679,,0,0,,365,606679,1031,17,,188,205000,349,17,,0,0,0,0,,0,0,0,0,
MSKY,,2315,203354,,0,0,,894,524043,5707,109,,726,320689,3392,106,,0,0,0,0,,0,0,0,0,
BNBR,,655,191666,,0,0,,52,228814,775,34,,11,37148,120,32,,0,0,0,0,,0,0,0,0,
BRMS,,6951,140052,,0,0,,469,301867,15108,500,,724,161815,8157,504,,0,0,0,0,,0,0,0,0,
BBRI,,42348,105982,,0,0,,1221,123738,49432,3995,,239,17756,7084,3990,,0,0,0,0,,0,0,0,0,
CARS,,1468,102821,,0,0,,217,158630,2253,142,,108,55809,785,141,,0,0,0,0,,0,0,0,0,
IBOS,,430,101855,,0,0,,40,103685,438,42,,12,1830,8,41,,0,0,0,0,,0,0,0,0,
ELTY,,171,100778,,0,0,,6,111000,189,17,,11,10222,17,17,,0,0,0,0,,0,0,0,0,
KOTA,,296,98519,,0,0,,23,98519,296,30,,0,0,0,0,,0,0,0,0,,0,0,0,0,
WIRG,,1779,97985,,20,-1100,,1061,618381,11193,181,,1058,520396,9414,181,,0,0,0,0,,1,1100,20,182,
TAXI,,144,92467,,0,0,,52,215800,335,16,,58,123333,191,15,,0,0,0,0,,0,0,0,0,
JGLE,,130,81196,,0,0,,104,302000,483,16,,218,220804,353,16,,0,0,0,0,,0,0,0,0,
ENRG,,4780,80648,,0,0,,390,151536,9072,599,,477,70888,4292,605,,0,0,0,0,,0,0,0,0,
CNKO,,783,72150,,0,0,,21,124596,1350,108,,34,52446,567,108,,0,0,0,0,,0,0,0,0,
CBRE,,2534,70000,,0,0,,116,70000,2534,362,,0,0,0,0,,0,0,0,0,,0,0,0,0,
GPRA,,798,58499,,0,0,,107,60346,823,136,,26,1847,25,135,,0,0,0,0,,0,0,0,0,
BSBK,,447,56986,,0,0,,143,80643,627,78,,82,23657,181,76,,0,0,0,0,,0,0,0,0,
ADMR,,5345,50793,,0,0,,552,70671,7429,1051,,160,19878,2085,1049,,0,0,0,0,,0,0,0,0,
IATA,,288,48000,,0,0,,30,50000,300,60,,1,2000,12,60,,0,0,0,0,,0,0,0,0,
OASA,,1006,39462,,0,0,,223,207190,5235,253,,496,167728,4229,252,,0,0,0,0,,0,0,0,0,
WTON,,423,38994,,0,0,,88,47611,518,109,,34,8617,95,110,,0,0,0,0,,0,0,0,0,
IKAI,,82,37051,,0,0,,9,38051,84,22,,1,1000,2,22,,0,0,0,0,,0,0,0,0,
SGER,,1242,36253,,0,0,,1544,219060,7344,335,,322,182807,6102,334,,0,0,0,0,,0,0,0,0,
MAXI,,215,35939,,0,0,,200,115171,685,60,,199,79232,471,59,,0,0,0,0,,0,0,0,0,
KBLV,,708,32392,,0,0,,144,40543,905,223,,44,8151,197,241,,0,0,0,0,,0,0,0,0,
ARKA,,117,30730,,0,0,,51,31730,121,38,,1,1000,4,39,,0,0,0,0,,0,0,0,0,
BSML,,313,30000,,0,0,,28,40000,423,106,,30,10000,110,110,,0,0,0,0,,0,0,0,0,
NTBK,,186,29524,,0,0,,480,230853,1602,69,,632,201329,1416,70,,0,0,0,0,,0,0,0,0,
WOWS,,357,29394,,0,0,,264,177460,2195,124,,517,148066,1838,124,,0,0,0,0,,0,0,0,0,
CPRO,,163,29292,,0,0,,100,121339,710,59,,100,92047,547,59,,0,0,0,0,,0,0,0,0,
HRUM,,2626,25428,,0,0,,402,47072,4919,1045,,332,21644,2294,1060,,0,0,0,0,,0,0,0,0,
ZATA,,66,25394,,0,0,,54,25394,66,26,,0,0,0,0,,0,0,0,0,,0,0,0,0,
AYAM,,424,24775,,0,0,,24,25285,432,171,,19,510,9,171,,0,0,0,0,,0,0,0,0,
BCAP,,117,20038,,0,0,,354,320667,2387,74,,993,300629,2270,76,,0,0,0,0,,0,0,0,0,
COIN,,4626,19675,,0,0,,1004,108826,27701,2545,,1197,89151,23075,2588,,0,0,0,0,,0,0,0,0,
MENN,,77,19480,,0,0,,112,121881,646,53,,208,102401,569,56,,0,0,0,0,,0,0,0,0,
RAJA,,5325,19370,,0,0,,1178,81710,22687,2777,,928,62340,17362,2785,,0,0,0,0,,0,0,0,0,
ISAP-W,,27,18201,,0,0,,9,18242,27,15,,1,41,0,16,,0,0,0,0,,0,0,0,0,
SURI,,114,15445,,0,0,,303,968380,10616,110,,1491,952935,10730,113,,0,0,0,0,,0,0,0,0,
ASMI,,44,15123,,0,0,,18,15123,44,29,,0,0,0,0,,0,0,0,0,,0,0,0,0,
MPPA,,103,15025,,0,0,,44,29831,209,70,,100,14806,105,71,,0,0,0,0,,0,0,0,0,
BMTR,,205,13932,,0,0,,32,15532,228,147,,6,1600,24,148,,0,0,0,0,,0,0,0,0,
KOCI-W,,22,13139,,0,0,,13,18711,32,17,,20,5572,9,17,,0,0,0,0,,0,0,0,0,
PTRO,,4858,13097,,0,0,,117,13734,5095,3710,,14,637,236,3710,,0,0,0,0,,0,0,0,0,
SSIA,,2802,13086,,0,0,,182,13713,2935,2140,,12,627,133,2115,,0,0,0,0,,0,0,0,0,
BRPT,,2745,12540,,0,0,,138,13946,3054,2190,,10,1406,309,2196,,0,0,0,0,,0,0,0,0,
PNLF,,272,10651,,0,0,,40,22256,569,256,,37,11605,297,256,,0,0,0,0,,0,0,0,0,
BREN,,8716,10067,,0,0,,267,10567,9150,8659,,22,500,434,8670,,0,0,0,0,,0,0,0,0,
ATLA,,70,9805,,0,0,,149,93092,614,66,,319,83287,544,65,,0,0,0,0,,0,0,0,0,
BLOG,,590,9757,,0,0,,186,15510,928,599,,71,5753,338,587,,0,0,0,0,,0,0,0,0,
ASHA,,39,9193,,0,0,,30,9196,39,42,,1,3,0,42,,0,0,0,0,,0,0,0,0,
BSDE,,830,7437,,0,0,,34,8640,964,1116,,22,1203,134,1118,,0,0,0,0,,0,0,0,0,
BRRC-W,,9,7343,,0,0,,19,24490,37,15,,16,17147,27,16,,0,0,0,0,,0,0,0,0,
MLPL,,100,7340,,0,0,,35,13322,183,137,,25,5982,82,138,,0,0,0,0,,0,0,0,0,
BEKS,,16,7090,,0,0,,15,48820,124,25,,52,41730,108,26,,0,0,0,0,,0,0,0,0,
ACRO,,65,6899,,0,0,,83,14210,128,90,,32,7311,63,86,,0,0,0,0,,0,0,0,0,
NPGF,,21,6888,,0,0,,193,85813,584,68,,204,78925,562,71,,0,0,0,0,,0,0,0,0,
MGNA,,28,6759,,0,0,,10,6759,28,42,,0,0,0,0,,0,0,0,0,,0,0,0,0,
INDO,,146,6750,,0,0,,46,6750,146,216,,0,0,0,0,,0,0,0,0,,0,0,0,0,
PTPP,,266,6620,,0,0,,87,10680,432,404,,40,4060,166,409,,0,0,0,0,,0,0,0,0,
MKTR,,87,6471,,0,0,,40,7861,105,134,,26,1390,19,134,,0,0,0,0,,0,0,0,0,
PSDN,,62,6199,,0,0,,87,8254,83,101,,29,2055,21,100,,0,0,0,0,,0,0,0,0,
SMGA,,48,6070,,0,0,,114,46909,475,101,,75,40839,427,105,,0,0,0,0,,0,0,0,0,
LEAD,,46,5899,,0,0,,8,6400,49,77,,6,501,4,79,,0,0,0,0,,0,0,0,0,
COCO,,351,5702,,0,0,,76,7217,445,616,,30,1515,93,615,,0,0,0,0,,0,0,0,0,
HOKI,,44,5600,,0,0,,15,9758,78,80,,4,4158,33,80,,0,0,0,0,,0,0,0,0,
KLBF,,672,5600,,0,0,,66,7478,894,1196,,24,1878,222,1183,,0,0,0,0,,0,0,0,0,
HADE,,18,5545,,0,0,,29,5545,18,33,,0,0,0,0,,0,0,0,0,,0,0,0,0,
VISI,,78,5500,,0,0,,7,5500,78,143,,0,0,0,0,,0,0,0,0,,0,0,0,0,
TEBE,,920,5473,,0,0,,76,6405,1078,1683,,29,932,158,1699,,0,0,0,0,,0,0,0,0,
UVCR,,42,5450,,0,0,,12,9050,71,78,,18,3600,28,79,,0,0,0,0,,0,0,0,0,
TOOL,,36,5400,,0,0,,38,6200,42,67,,5,800,6,69,,0,0,0,0,,0,0,0,0,
BGTG,,56,5065,,0,0,,8,6000,66,110,,10,935,10,111,,0,0,0,0,,0,0,0,0,
ARCI,,421,4859,,0,0,,173,17108,1483,867,,185,12249,1062,867,,0,0,0,0,,0,0,0,0,
WIDI,,25,4530,,0,0,,19,4530,25,55,,0,0,0,0,,0,0,0,0,,0,0,0,0,
HDIT,,27,4500,,0,0,,2,4500,27,60,,0,0,0,0,,0,0,0,0,,0,0,0,0,
MUTU,,42,4244,,0,0,,20,5344,53,100,,1,1100,11,100,,0,0,0,0,,0,0,0,0,
ACST,,60,4032,,0,0,,32,5421,82,150,,6,1389,21,152,,0,0,0,0,,0,0,0,0,
KRAS,,122,4014,,0,0,,61,4264,129,303,,3,250,8,303,,0,0,0,0,,0,0,0,0,
REAL,,20,4000,,0,0,,9,4000,20,50,,0,0,0,0,,0,0,0,0,,0,0,0,0,
SDMU,,22,4000,,0,0,,7,4000,22,55,,0,0,0,0,,0,0,0,0,,0,0,0,0,
UNVR,,634,3725,,0,0,,49,10197,1754,1720,,57,6472,1120,1731,,0,0,0,0,,0,0,0,0,
TINS,,384,3719,,0,0,,38,4140,428,1033,,4,421,44,1042,,0,0,0,0,,0,0,0,0,
IOTF,,40,3697,,0,0,,178,49507,550,111,,172,45810,510,111,,0,0,0,0,,0,0,0,0,
RICY,,23,3669,,0,0,,12,3669,23,63,,0,0,0,0,,0,0,0,0,,0,0,0,0,
RGAS,,42,3640,,0,0,,31,3790,44,116,,4,150,2,116,,0,0,0,0,,0,0,0,0,
AHAP,,27,3555,,0,0,,23,4247,33,77,,87,692,5,78,,0,0,0,0,,0,0,0,0,
PEGE,,40,3515,,0,0,,11,3815,44,114,,8,300,3,116,,0,0,0,0,,0,0,0,0,
IDEA,,29,3510,,0,0,,9,5109,43,84,,25,1599,14,85,,0,0,0,0,,0,0,0,0,
BBYB,,114,3500,,0,0,,19,4000,130,325,,9,500,16,320,,0,0,0,0,,0,0,0,0,
FIRE,,29,3500,,0,0,,52,5776,47,82,,23,2276,18,81,,0,0,0,0,,0,0,0,0,
TKIM,,2683,3497,,0,0,,114,3497,2683,7671,,0,0,0,0,,0,0,0,0,,0,0,0,0,
RUIS,,75,3250,,0,0,,35,3250,75,232,,0,0,0,0,,0,0,0,0,,0,0,0,0,
MAIN,,211,3010,,0,0,,11,3010,211,700,,0,0,0,0,,0,0,0,0,,0,0,0,0,
ISEA,,4,2931,,0,0,,134,39226,376,96,,185,36295,371,102,,0,0,0,0,,0,0,0,0,
BAUT,,11,2831,,0,0,,7,3131,12,38,,1,300,1,38,,0,0,0,0,,0,0,0,0,
SRSN,,17,2795,,0,0,,123,74184,540,73,,153,71389,522,73,,0,0,0,0,,0,0,0,0,
KOKA,,27,2782,,0,0,,16,2782,27,97,,0,0,0,0,,0,0,0,0,,0,0,0,0,
DSNG,,433,2671,,0,0,,65,7537,1234,1637,,32,4866,800,1645,,0,0,0,0,,0,0,0,0,
DPUM,,19,2470,,0,0,,85,15846,117,74,,50,13376,98,73,,0,0,0,0,,0,0,0,0,
TMAS,,32,2311,,0,0,,35,2382,33,138,,3,71,1,137,,0,0,0,0,,0,0,0,0,
JIHD,,165,2296,,0,0,,33,2296,165,717,,0,0,0,0,,0,0,0,0,,0,0,0,0,
SNLK,,105,2225,,0,0,,10,2335,110,470,,4,110,5,475,,0,0,0,0,,0,0,0,0,
YELO,,14,2200,,0,0,,3,2200,14,62,,0,0,0,0,,0,0,0,0,,0,0,0,0,
RMKE,,193,2058,,0,0,,34,2060,193,937,,1,2,0,940,,0,0,0,0,,0,0,0,0,
STRK,,35,1961,,0,0,,43,9825,197,201,,45,7864,162,206,,0,0,0,0,,0,0,0,0,
SMBR,,65,1956,,0,0,,77,15496,476,307,,42,13540,411,304,,0,0,0,0,,0,0,0,0,
CDIA,,280,1940,,19,130,,18,2442,353,1445,,19,502,72,1444,,3,130,19,1434,,0,0,0,0,
PMUI,,26,1930,,0,0,,5,1950,26,133,,2,20,0,129,,0,0,0,0,,0,0,0,0,
WAPO,,29,1891,,0,0,,240,30534,636,208,,160,28643,607,212,,0,0,0,0,,0,0,0,0,
AMMS,,35,1880,,0,0,,21,2880,54,189,,2,1000,19,190,,0,0,0,0,,0,0,0,0,
RAAM,,49,1721,,0,0,,347,6631,189,286,,287,4910,140,286,,0,0,0,0,,0,0,0,0,
SMRA,,76,1688,,0,0,,41,1697,76,451,,1,9,0,454,,0,0,0,0,,0,0,0,0,
UNTD,,14,1672,,0,0,,88,9558,80,84,,32,7886,66,84,,0,0,0,0,,0,0,0,0,
SMIL,,62,1651,,0,0,,43,13379,664,496,,37,11728,602,513,,0,0,0,0,,0,0,0,0,
MTFN,,2,1650,,0,0,,4,1650,2,14,,0,0,0,0,,0,0,0,0,,0,0,0,0,
BULL,,26,1600,,0,0,,9,14000,217,155,,15,12400,191,154,,0,0,0,0,,0,0,0,0,
FILM,,572,1523,,0,0,,90,3807,1396,3666,,138,2284,824,3606,,0,0,0,0,,0,0,0,0,
CBDK,,950,1509,,0,0,,43,1783,1122,6295,,8,274,173,6311,,0,0,0,0,,0,0,0,0,
JAST,,15,1500,,0,0,,2,1500,15,102,,0,0,0,0,,0,0,0,0,,0,0,0,0,
MANG-W,,5,1500,,0,0,,6,1500,5,33,,0,0,0,0,,0,0,0,0,,0,0,0,0,
TARA,,5,1386,,0,0,,2,1386,5,33,,0,0,0,0,,0,0,0,0,,0,0,0,0,
KIJA,,25,1342,,0,0,,32,7577,151,200,,15,6235,126,202,,0,0,0,0,,0,0,0,0,
KLAS,,18,1325,,0,0,,11,1350,18,133,,1,25,0,134,,0,0,0,0,,0,0,0,0,
POLY,,3,1300,,0,0,,38,1300,3,25,,0,0,0,0,,0,0,0,0,,0,0,0,0,
POLA,,5,1250,,0,0,,2,11067,29,26,,12,9817,24,24,,0,0,0,0,,0,0,0,0,
KIOS,,7,1220,,0,0,,192,51084,449,88,,141,49864,442,89,,0,0,0,0,,0,0,0,0,
NELY,,40,1150,,0,0,,8,1150,40,350,,0,0,0,0,,0,0,0,0,,0,0,0,0,
PTMP,,11,1100,,0,0,,2,1500,15,98,,7,400,4,97,,0,0,0,0,,0,0,0,0,
MSIE,,5,1088,,0,0,,1,1088,5,44,,0,0,0,0,,0,0,0,0,,0,0,0,0,
AEGS,,6,1081,,0,0,,27,9888,46,47,,49,8807,40,46,,0,0,0,0,,0,0,0,0,
NICE,,46,1072,,0,0,,25,1175,51,433,,1,103,4,436,,0,0,0,0,,0,0,0,0,
MMLP,,54,1000,,0,0,,16,1000,54,540,,0,0,0,0,,0,0,0,0,,0,0,0,0,
ERAA,,44,997,,0,0,,1,1000,44,438,,1,3,0,442,,0,0,0,0,,0,0,0,0,
DEWI,,9,936,,0,0,,1446,20973,229,109,,34,20037,220,110,,0,0,0,0,,0,0,0,0,
HAJJ-W,,1,900,,0,0,,3,2900,5,17,,2,2000,4,18,,0,0,0,0,,0,0,0,0,
TOBA,,118,896,,0,0,,79,11617,1444,1243,,98,10721,1327,1237,,0,0,0,0,,0,0,0,0,
BIKE,,84,870,,0,0,,81,4620,460,997,,90,3750,376,1003,,0,0,0,0,,0,0,0,0,
KETR,,63,855,,0,0,,139,7073,454,642,,67,6218,391,629,,0,0,0,0,,0,0,0,0,
FUJI,,33,854,,0,0,,85,13653,555,407,,286,12799,523,408,,0,0,0,0,,0,0,0,0,
SIMP,,58,850,,0,0,,7,3760,250,664,,30,2910,192,660,,0,0,0,0,,0,0,0,0,
TRGU,,14,827,,9,-511,,26,1338,23,174,,20,511,9,174,,0,0,0,0,,20,511,9,174,
TRUE,,5,800,,0,0,,1,800,5,58,,0,0,0,0,,0,0,0,0,,0,0,0,0,
BEEF,,29,790,,0,0,,281,31316,1017,325,,3352,30526,988,324,,0,0,0,0,,0,0,0,0,
NCKL,,79,768,,0,0,,27,1924,200,1039,,25,1156,121,1048,,0,0,0,0,,0,0,0,0,
DGWG,,31,749,,0,0,,51,1042,44,418,,8,293,12,422,,0,0,0,0,,0,0,0,0,
PZZA,,16,735,,11,500,,7,735,16,215,,0,0,0,0,,6,500,11,216,,0,0,0,0,
UANG,,56,720,,0,0,,11,720,56,775,,0,0,0,0,,0,0,0,0,,0,0,0,0,
MITI,,18,710,,0,0,,13,1800,48,266,,11,1090,29,270,,0,0,0,0,,0,0,0,0,
AGRS,,5,700,,0,0,,4,700,5,75,,0,0,0,0,,0,0,0,0,,0,0,0,0,
MTWI,,24,637,,0,0,,17,637,24,382,,0,0,0,0,,0,0,0,0,,0,0,0,0,
HALO-W,,1,600,,0,0,,1,600,1,15,,0,0,0,0,,0,0,0,0,,0,0,0,0,
LOPI,,3,600,,0,0,,23,1702,10,58,,14,1102,6,58,,0,0,0,0,,0,0,0,0,
MDLN,,7,600,,0,0,,56,50866,377,74,,86,50266,370,74,,0,0,0,0,,0,0,0,0,
TAYS,,5,600,,0,0,,43,6677,51,77,,39,6077,46,76,,0,0,0,0,,0,0,0,0,
KJEN,,7,550,,0,0,,9,950,12,128,,10,400,5,130,,0,0,0,0,,0,0,0,0,
MAHA,,7,543,,0,0,,12,621,8,136,,3,78,1,138,,0,0,0,0,,0,0,0,0,
BBTN,,64,500,,0,0,,12,500,64,1275,,0,0,0,0,,0,0,0,0,,0,0,0,0,
BJTM,,25,500,,0,0,,1,1000,51,510,,5,500,26,515,,0,0,0,0,,0,0,0,0,
CRSN,,6,500,,0,0,,7,500,6,111,,0,0,0,0,,0,0,0,0,,0,0,0,0,
NASA,,2,500,,0,0,,5,500,2,36,,0,0,0,0,,0,0,0,0,,0,0,0,0,
MEJA-W,,3,480,,0,0,,32,12311,31,25,,14,11831,29,24,,0,0,0,0,,0,0,0,0,
KAQI,,3,462,,0,0,,68,15026,109,72,,49,14564,106,72,,0,0,0,0,,0,0,0,0,
TPIA,,363,450,,0,0,,22,470,380,8078,,2,20,16,8100,,0,0,0,0,,0,0,0,0,
RMKO,,6,418,,0,0,,39,1236,18,147,,24,818,12,147,,0,0,0,0,,0,0,0,0,
ASRI,,7,379,,0,0,,19,1379,24,172,,9,1000,17,172,,0,0,0,0,,0,0,0,0,
NRCA,,31,374,,0,0,,8,1215,104,855,,18,841,73,864,,0,0,0,0,,0,0,0,0,
HALO,,3,358,,0,0,,3,358,3,85,,0,0,0,0,,0,0,0,0,,0,0,0,0,
ECII,,7,355,,0,0,,9,355,7,186,,0,0,0,0,,0,0,0,0,,0,0,0,0,
LMPI,,5,355,,0,0,,7,555,8,141,,2,200,3,143,,0,0,0,0,,0,0,0,0,
ELPI,,12,330,,0,0,,8,371,14,370,,2,41,2,376,,0,0,0,0,,0,0,0,0,
PTBA,,77,327,,0,0,,7,1531,368,2407,,72,1204,291,2419,,0,0,0,0,,0,0,0,0,
SPRE,,2,318,,0,0,,9,576,5,79,,4,258,2,81,,0,0,0,0,,0,0,0,0,
FPNI,,6,313,,0,0,,3,313,6,192,,0,0,0,0,,0,0,0,0,,0,0,0,0,
INPS,,3,305,,0,0,,9,305,3,112,,0,0,0,0,,0,0,0,0,,0,0,0,0,
SUNI,,24,303,,0,0,,6,303,24,783,,0,0,0,0,,0,0,0,0,,0,0,0,0,
BRIS,,80,292,,0,0,,7,300,82,2730,,1,8,2,2700,,0,0,0,0,,0,0,0,0,
HUMI,,7,288,,0,0,,87,30566,501,164,,194,30278,493,163,,0,0,0,0,,0,0,0,0,
HATM,,7,275,,0,0,,2,275,7,252,,0,0,0,0,,0,0,0,0,,0,0,0,0,
PICO,,3,251,,0,0,,6,400,6,140,,10,149,2,142,,0,0,0,0,,0,0,0,0,
AMIN,,5,250,,0,0,,2,250,5,218,,0,0,0,0,,0,0,0,0,,0,0,0,0,
NAIK,,4,250,,0,0,,4,250,4,146,,0,0,0,0,,0,0,0,0,,0,0,0,0,
SKRN,,10,250,,0,0,,1,250,10,400,,0,0,0,0,,0,0,0,0,,0,0,0,0,
ITMG,,552,247,,0,0,,49,297,664,22349,,1,50,112,22375,,0,0,0,0,,0,0,0,0,
NSSS,,11,245,,0,0,,5,245,11,440,,0,0,0,0,,0,0,0,0,,0,0,0,0,
PANI,,385,243,,0,0,,48,666,1033,15506,,57,423,648,15315,,0,0,0,0,,0,0,0,0,
HGII,,3,240,,0,0,,6,240,3,145,,0,0,0,0,,0,0,0,0,,0,0,0,0,
NICL,,25,235,,0,0,,6,235,25,1064,,0,0,0,0,,0,0,0,0,,0,0,0,0,
AGRO,,5,200,,0,0,,1,200,5,236,,0,0,0,0,,0,0,0,0,,0,0,0,0,
AMRT,,42,200,,0,0,,7,200,42,2100,,0,0,0,0,,0,0,0,0,,0,0,0,0,
CNMA,,3,200,,0,0,,1,200,3,131,,0,0,0,0,,0,0,0,0,,0,0,0,0,
HOMI,,5,200,,0,0,,2,200,5,232,,0,0,0,0,,0,0,0,0,,0,0,0,0,
HUMI-W,,1,200,,0,0,,1,200,1,26,,0,0,0,0,,0,0,0,0,,0,0,0,0,
INPC,,3,200,,0,0,,5,912,15,168,,6,712,12,169,,0,0,0,0,,0,0,0,0,
TRIN,,2,200,,0,0,,6,201,2,94,,1,1,0,94,,0,0,0,0,,0,0,0,0,
TRON,,2,200,,0,0,,10,500,4,89,,5,300,3,90,,0,0,0,0,,0,0,0,0,
GEMA,,3,197,,0,0,,7,422,5,125,,4,225,3,120,,0,0,0,0,,0,0,0,0,
TAPG,,26,180,,0,0,,10,180,26,1431,,0,0,0,0,,0,0,0,0,,0,0,0,0,
INKP,,138,174,,0,0,,16,175,138,7904,,1,1,1,7925,,0,0,0,0,,0,0,0,0,
PGEO,,24,171,,0,0,,6,615,88,1432,,15,444,64,1445,,0,0,0,0,,0,0,0,0,
ANTMDRCG6A,,1,160,,0,0,,1,160,1,66,,0,0,0,0,,0,0,0,0,,0,0,0,0,
VICO,,3,130,,0,0,,7,730,14,189,,18,600,11,188,,0,0,0,0,,0,0,0,0,
AXIO,,2,120,,0,0,,2,120,2,127,,0,0,0,0,,0,0,0,0,,0,0,0,0,
CUAN,,15,119,,0,0,,300,23665,3611,1526,,160,23546,3596,1527,,0,0,0,0,,0,0,0,0,
INDYHDCJ6A,,1,110,,0,0,,1,110,1,118,,0,0,0,0,,0,0,0,0,,0,0,0,0,
MDKAZPCF6A,,1,110,,0,0,,1,110,1,93,,0,0,0,0,,0,0,0,0,,0,0,0,0,
JMAS,,2,105,,0,0,,3,105,2,148,,0,0,0,0,,0,0,0,0,,0,0,0,0,
ASGR,,12,100,,0,0,,1,100,12,1185,,0,0,0,0,,0,0,0,0,,0,0,0,0,
ASSA,,8,100,,0,0,,2,100,8,835,,0,0,0,0,,0,0,0,0,,0,0,0,0,
GRPM-W,,0,100,,0,0,,1,100,0,15,,0,0,0,0,,0,0,0,0,,0,0,0,0,
KARW,,6,100,,0,0,,2,100,6,640,,0,0,0,0,,0,0,0,0,,0,0,0,0,
KING-W,,0,100,,0,0,,2,100,0,15,,0,0,0,0,,0,0,0,0,,0,0,0,0,
KOBX,,1,100,,0,0,,2,100,1,141,,0,0,0,0,,0,0,0,0,,0,0,0,0,
SMAR,,59,100,,0,0,,12,100,59,5851,,0,0,0,0,,0,0,0,0,,0,0,0,0,
VAST-W,,0,100,,0,0,,2,100,0,14,,0,0,0,0,,0,0,0,0,,0,0,0,0,
CAMP,,2,94,,0,0,,4,94,2,212,,0,0,0,0,,0,0,0,0,,0,0,0,0,
GOLF,,2,85,,0,0,,10,85,2,215,,0,0,0,0,,0,0,0,0,,0,0,0,0,
APLN,,1,80,,0,0,,16,181,2,104,,3,101,1,105,,0,0,0,0,,0,0,0,0,
MAPI,,9,80,,0,0,,4,80,9,1171,,0,0,0,0,,0,0,0,0,,0,0,0,0,
SFAN,,14,75,,0,0,,2,75,14,1915,,0,0,0,0,,0,0,0,0,,0,0,0,0,
BMRI,,34,72,,0,0,,8,301,141,4680,,9,229,107,4652,,0,0,0,0,,0,0,0,0,
DFAM,,1,67,,0,0,,7,716,6,84,,14,649,5,84,,0,0,0,0,,0,0,0,0,
FAPA,,35,58,,0,0,,12,58,35,5956,,0,0,0,0,,0,0,0,0,,0,0,0,0,
KAEF,,3,50,,0,0,,1,50,3,510,,0,0,0,0,,0,0,0,0,,0,0,0,0,
XCID,,0,50,,0,0,,20,1408,10,74,,6,1358,11,77,,0,0,0,0,,0,0,0,0,
BVIC-W,,0,47,,0,0,,1,58,0,47,,1,11,0,48,,0,0,0,0,,0,0,0,0,
OBAT,,2,44,,0,0,,1,44,2,446,,0,0,0,0,,0,0,0,0,,0,0,0,0,
SOCI,,1,44,,0,0,,1,44,1,192,,0,0,0,0,,0,0,0,0,,0,0,0,0,
PWON,,2,42,,0,0,,3,42,2,370,,0,0,0,0,,0,0,0,0,,0,0,0,0,
BIPI,,1,37,,0,0,,46,22037,177,80,,35,22000,176,80,,0,0,0,0,,0,0,0,0,
JSPT,,13,33,,0,0,,2,34,14,4024,,1,1,0,3990,,0,0,0,0,,0,0,0,0,
ISAT,,6,32,,0,0,,3,32,6,1958,,0,0,0,0,,0,0,0,0,,0,0,0,0,
HAJJ,,0,31,,0,0,,14,128,2,124,,2,97,1,123,,0,0,0,0,,0,0,0,0,
TIRA,,4,25,,0,0,,8,25,4,1590,,0,0,0,0,,0,0,0,0,,0,0,0,0,
BAPI,,0,20,,0,0,,1,20,0,23,,0,0,0,0,,0,0,0,0,,0,0,0,0,
FORE,,1,20,,0,0,,1,20,1,515,,0,0,0,0,,0,0,0,0,,0,0,0,0,
SOUL,,0,20,,0,0,,1,20,0,88,,0,0,0,0,,0,0,0,0,,0,0,0,0,
KMTR,,0,15,,0,0,,2,15,0,317,,0,0,0,0,,0,0,0,0,,0,0,0,0,
LINK,,5,15,,0,0,,2,15,5,3140,,0,0,0,0,,0,0,0,0,,0,0,0,0,
MINE,,1,15,,0,0,,3,16,1,570,,1,1,0,570,,0,0,0,0,,0,0,0,0,
HMSP,,1,14,,0,0,,2,14,1,534,,0,0,0,0,,0,0,0,0,,0,0,0,0,
ASBI,,1,12,,0,0,,2,14,1,432,,1,2,0,438,,0,0,0,0,,0,0,0,0,
BBNI,,4,10,,0,0,,3,211,92,4353,,2,201,88,4370,,0,0,0,0,,0,0,0,0,
BOGA,,1,10,,0,0,,1,10,1,580,,0,0,0,0,,0,0,0,0,,0,0,0,0,
BPTR,,0,10,,0,0,,1,10,0,96,,0,0,0,0,,0,0,0,0,,0,0,0,0,
INCF,,0,10,,0,0,,1,10,0,42,,0,0,0,0,,0,0,0,0,,0,0,0,0,
PNSE,,1,10,,0,0,,1,10,1,840,,0,0,0,0,,0,0,0,0,,0,0,0,0,
POLU,,9,10,,0,0,,1,10,9,8625,,0,0,0,0,,0,0,0,0,,0,0,0,0,
RATU,,22,9,,0,0,,70,2233,1371,6139,,146,2224,1349,6065,,0,0,0,0,,0,0,0,0,
BLES,,0,8,,0,0,,3,8,0,160,,0,0,0,0,,0,0,0,0,,0,0,0,0,
INDF,,6,8,,0,0,,4,8,6,7588,,0,0,0,0,,0,0,0,0,,0,0,0,0,
CFIN,,0,7,,0,0,,7,7,0,315,,0,0,0,0,,0,0,0,0,,0,0,0,0,
DSSA,,65,6,,0,0,,9,12,130,108688,,6,6,65,108479,,0,0,0,0,,0,0,0,0,
MAPA,,0,6,,0,0,,9,172,11,615,,1,166,10,615,,0,0,0,0,,0,0,0,0,
BESS,,1,5,,0,0,,1,5,1,1025,,0,0,0,0,,0,0,0,0,,0,0,0,0,
BNGA,,1,5,,0,0,,1,5,1,1695,,0,0,0,0,,0,0,0,0,,0,0,0,0,
MERI,,0,5,,0,0,,1,5,0,242,,0,0,0,0,,0,0,0,0,,0,0,0,0,
IRRA,,0,4,,0,0,,4,4,0,428,,0,0,0,0,,0,0,0,0,,0,0,0,0,
MASB,,1,4,,0,0,,1,4,1,3250,,0,0,0,0,,0,0,0,0,,0,0,0,0,
TUGU,,0,4,,0,0,,4,4,0,960,,0,0,0,0,,0,0,0,0,,0,0,0,0,
AVIA,,0,3,,0,0,,3,3,0,429,,0,0,0,0,,0,0,0,0,,0,0,0,0,
SHIP,,1,3,,0,0,,3,3,1,4603,,0,0,0,0,,0,0,0,0,,0,0,0,0,
CAKK,,0,2,,0,0,,1,2,0,144,,0,0,0,0,,0,0,0,0,,0,0,0,0,
ICBP,,2,2,,0,0,,1,2,2,9250,,0,0,0,0,,0,0,0,0,,0,0,0,0,
ASII,,1,1,,0,0,,1,1,1,5400,,0,0,0,0,,0,0,0,0,,0,0,0,0,
CHEK,,0,1,,0,0,,4,1102,22,202,,4,1101,22,202,,0,0,0,0,,0,0,0,0,
HEXA,,1,1,,0,0,,1,1,1,5550,,0,0,0,0,,0,0,0,0,,0,0,0,0,
MBAP,,0,1,,0,0,,1,1,0,1625,,0,0,0,0,,0,0,0,0,,0,0,0,0,
MIDI,,0,1,,0,0,,1,1,0,446,,0,0,0,0,,0,0,0,0,,0,0,0,0,
SGRO,,0,1,,0,0,,1,1,0,4360,,0,0,0,0,,0,0,0,0,,0,0,0,0,
AKSI,,0,0,,0,0,,1,100,2,240,,14,100,2,246,,0,0,0,0,,0,0,0,0,
BNII,,0,0,,0,0,,2,60,1,210,,5,60,1,212,,0,0,0,0,,0,0,0,0,
BPFI,,0,0,,0,0,,1,20,1,340,,1,20,1,360,,0,0,0,0,,0,0,0,0,
BVIC,,0,0,,0,0,,3,182,2,111,,5,182,2,111,,0,0,0,0,,0,0,0,0,
CITY,,0,0,,0,0,,10,1450,16,108,,14,1450,15,106,,0,0,0,0,,0,0,0,0,
DIVA,,0,0,,0,0,,4,4,0,130,,4,4,0,127,,0,0,0,0,,0,0,0,0,
EMDE,,2,0,,0,0,,5,4000,40,100,,14,4000,38,96,,0,0,0,0,,0,0,0,0,
ERTX,,0,0,,0,0,,22,2308,30,131,,28,2308,31,133,,0,0,0,0,,0,0,0,0,
FITT,,0,0,,0,0,,63,1107,48,434,,18,1107,48,438,,0,0,0,0,,0,0,0,0,
GRPM,,0,0,,0,0,,8,2041,11,53,,7,2041,11,54,,0,0,0,0,,0,0,0,0,
INET-W,,0,0,,0,0,,3,1000,14,135,,10,1000,14,137,,0,0,0,0,,0,0,0,0,
LMAX,,0,0,,0,0,,4,2333,17,73,,20,2333,18,75,,0,0,0,0,,0,0,0,0,
LUCK,,0,0,,0,0,,5,146,1,83,,8,146,1,84,,0,0,0,0,,0,0,0,0,
MBSS,,3,0,,0,0,,45,715,117,1633,,19,715,114,1593,,0,0,0,0,,0,0,0,0,
MKTR-W,,1,0,,0,0,,8,6793,13,19,,4,6793,14,21,,0,0,0,0,,0,0,0,0,
MPOW,,0,0,,0,0,,3,200,2,117,,4,200,2,117,,0,0,0,0,,0,0,0,0,
MYOH,,0,0,,0,0,,7,118,20,1684,,28,118,20,1663,,0,0,0,0,,0,0,0,0,
NEST,,0,0,,0,0,,2,318,8,263,,27,318,9,267,,0,0,0,0,,0,0,0,0,
PAMG,,0,0,,0,0,,5,1670,13,78,,5,1670,13,80,,0,0,0,0,,0,0,0,0,
PLAN,,0,0,,0,0,,36,8000,53,66,,33,8000,53,66,,0,0,0,0,,0,0,0,0,
PTSP,,0,0,,0,0,,2,20,3,1280,,7,20,2,1226,,0,0,0,0,,0,0,0,0,
PYFA-W,,0,0,,0,0,,1,100,1,105,,2,100,1,100,,0,0,0,0,,0,0,0,0,
SMLE,,0,0,,0,0,,1,225,3,152,,3,225,3,150,,0,0,0,0,,0,0,0,0,
SMMT,,0,0,,0,0,,2,10,1,1220,,1,10,1,1205,,0,0,0,0,,0,0,0,0,
SSTM,,0,0,,0,0,,22,720,26,365,,38,720,27,372,,0,0,0,0,,0,0,0,0,
TCPI,,1,0,,0,0,,2,180,101,5625,,2,180,103,5700,,0,0,0,0,,0,0,0,0,
TFAS,,0,0,,0,0,,18,657,9,141,,9,657,9,144,,0,0,0,0,,0,0,0,0,
UNIQ,,0,0,,0,0,,10,1643,60,362,,39,1643,60,365,,0,0,0,0,,0,0,0,0,
XSSI,,0,0,,0,0,,1,100,1,85,,6,100,1,83,,0,0,0,0,,0,0,0,0,
CMRY,,0,-1,,0,0,,0,0,0,0,,1,1,0,4940,,0,0,0,0,,0,0,0,0,
JECC,,0,-1,,0,0,,1,1,0,1165,,1,2,0,1150,,0,0,0,0,,0,0,0,0,
VERN,,0,-1,,0,0,,9,1100,15,134,,18,1101,15,132,,0,0,0,0,,0,0,0,0,
IPCC,,0,-2,,0,0,,0,0,0,0,,1,2,0,1110,,0,0,0,0,,0,0,0,0,
MGRO,,0,-2,,0,0,,12,1983,141,710,,13,1985,141,710,,0,0,0,0,,0,0,0,0,
PBSA,,0,-2,,0,0,,0,0,0,0,,1,2,0,875,,0,0,0,0,,0,0,0,0,
SMSM,,0,-2,,0,0,,0,0,0,0,,2,2,0,1940,,0,0,0,0,,0,0,0,0,
PTIS,,0,-4,,0,0,,0,0,0,0,,3,4,0,422,,0,0,0,0,,0,0,0,0,
TOTL,,0,-4,,0,0,,0,0,0,0,,1,4,0,770,,0,0,0,0,,0,0,0,0,
VINS,,0,-7,,0,0,,0,0,0,0,,3,7,0,129,,0,0,0,0,,0,0,0,0,
BYAN,,18,-10,,0,0,,0,0,0,0,,4,10,18,18100,,0,0,0,0,,0,0,0,0,
CYBR,,1,-10,,0,0,,1,200,19,955,,2,210,20,965,,0,0,0,0,,0,0,0,0,
GPSO,,0,-10,,0,0,,2,20,1,278,,3,30,1,282,,0,0,0,0,,0,0,0,0,
KINO,,1,-10,,0,0,,0,0,0,0,,1,10,1,1260,,0,0,0,0,,0,0,0,0,
NETV,,0,-10,,0,0,,0,0,0,0,,2,10,0,134,,0,0,0,0,,0,0,0,0,
SMMA,,16,-10,,0,0,,0,0,0,0,,5,10,16,16200,,0,0,0,0,,0,0,0,0,
TLKM,,3,-10,,0,0,,0,0,0,0,,1,10,3,3160,,0,0,0,0,,0,0,0,0,
DART,,0,-12,,0,0,,2,50,1,164,,2,62,1,168,,0,0,0,0,,0,0,0,0,
ASPR,,0,-19,,0,0,,2,700,6,92,,2,719,7,94,,0,0,0,0,,0,0,0,0,
PSAT,,3,-21,,0,0,,6,100,15,1470,,5,121,18,1462,,0,0,0,0,,0,0,0,0,
AYLS,,0,-25,,0,0,,0,0,0,0,,1,25,0,103,,0,0,0,0,,0,0,0,0,
RALS,,1,-30,,0,0,,0,0,0,0,,1,30,1,392,,0,0,0,0,,0,0,0,0,
SMDM,,3,-32,,0,0,,0,0,0,0,,2,32,3,825,,0,0,0,0,,0,0,0,0,
SONA,,19,-38,,0,0,,10,14,6,4621,,17,52,25,4857,,0,0,0,0,,0,0,0,0,
SMGR,,15,-43,,0,0,,60,5457,1542,2826,,104,5500,1527,2776,,0,0,0,0,,0,0,0,0,
GIAA,,0,-45,,0,0,,0,0,0,0,,2,45,0,69,,0,0,0,0,,0,0,0,0,
BBKP,,0,-46,,0,0,,0,0,0,0,,3,46,0,78,,0,0,0,0,,0,0,0,0,
CTRA,,5,-46,,0,0,,5,204,20,995,,1,250,25,995,,0,0,0,0,,0,0,0,0,
ERAL,,2,-50,,0,0,,1,50,2,324,,3,100,3,326,,0,0,0,0,,0,0,0,0,
OBMD,,1,-50,,0,0,,0,0,0,0,,4,50,1,280,,0,0,0,0,,0,0,0,0,
TYRE,,1,-54,,0,0,,0,0,0,0,,1,54,1,129,,0,0,0,0,,0,0,0,0,
TNCA,,1,-56,,0,0,,0,0,0,0,,3,56,1,181,,0,0,0,0,,0,0,0,0,
AKRA,,9,-75,,0,0,,1,20,2,1220,,2,95,12,1249,,0,0,0,0,,0,0,0,0,
AKPI,,5,-81,,0,0,,0,0,0,0,,9,81,5,560,,0,0,0,0,,0,0,0,0,
INCO,,35,-88,,0,0,,3,112,43,3871,,13,200,78,3898,,0,0,0,0,,0,0,0,0,
AALI,,66,-90,,0,0,,0,0,0,0,,17,90,66,7350,,0,0,0,0,,0,0,0,0,
JATI,,1,-90,,0,0,,0,0,0,0,,9,90,1,141,,0,0,0,0,,0,0,0,0,
MDRN,,0,-92,,0,0,,12,11123,36,32,,6,11215,36,32,,0,0,0,0,,0,0,0,0,
AADI,,69,-95,,0,0,,6,32,23,7315,,11,127,93,7294,,0,0,0,0,,0,0,0,0,
PNBN,,11,-95,,0,0,,5,285,33,1143,,4,380,44,1155,,0,0,0,0,,0,0,0,0,
ARKO,,14,-100,,0,0,,0,0,0,0,,5,100,14,1350,,0,0,0,0,,0,0,0,0,
BJBR,,8,-100,,0,0,,0,0,0,0,,1,100,8,770,,0,0,0,0,,0,0,0,0,
CCSI,,4,-100,,0,0,,0,0,0,0,,2,100,4,380,,0,0,0,0,,0,0,0,0,
HYGN,,2,-100,,0,0,,0,0,0,0,,1,100,2,156,,0,0,0,0,,0,0,0,0,
INTP,,69,-100,,0,0,,0,0,0,0,,6,100,69,6900,,0,0,0,0,,0,0,0,0,
JSMR,,34,-100,,0,0,,0,0,0,0,,2,100,34,3430,,0,0,0,0,,0,0,0,0,
KRYA,,2,-100,,0,0,,0,0,0,0,,3,100,2,210,,0,0,0,0,,0,0,0,0,
DRMA,,12,-118,,0,0,,1,2,0,1020,,4,120,12,1009,,0,0,0,0,,0,0,0,0,
BAIK,,1,-130,,0,0,,0,0,0,0,,2,130,1,105,,0,0,0,0,,0,0,0,0,
CMNT,,11,-133,,0,0,,12,3964,322,813,,13,4097,333,813,,0,0,0,0,,0,0,0,0,
PTSN,,7,-146,,0,0,,12,1215,60,496,,34,1361,67,492,,0,0,0,0,,0,0,0,0,
GGRM,,140,-160,,0,0,,5,50,44,8750,,18,210,184,8773,,0,0,0,0,,0,0,0,0,
BINO,,2,-165,,0,0,,0,0,0,0,,1,165,2,121,,0,0,0,0,,0,0,0,0,
TLDN,,13,-174,,0,0,,0,0,0,0,,1,174,13,740,,0,0,0,0,,0,0,0,0,
BBHI,,29,-183,,0,0,,1,1,0,1620,,2,184,29,1590,,0,0,0,0,,0,0,0,0,
ARTO,,41,-186,,0,0,,0,0,0,0,,5,186,41,2187,,0,0,0,0,,0,0,0,0,
BMBL,,1,-200,,0,0,,0,0,0,0,,1,200,1,44,,0,0,0,0,,0,0,0,0,
BOAT,,2,-200,,0,0,,0,0,0,0,,6,200,2,121,,0,0,0,0,,0,0,0,0,
ABBA,,1,-210,,0,0,,0,0,0,0,,1,210,1,42,,0,0,0,0,,0,0,0,0,
PURA,,1,-277,,0,0,,32,7034,21,30,,11,7311,22,30,,0,0,0,0,,0,0,0,0,
JRPT,,24,-300,,0,0,,0,0,0,0,,5,300,24,805,,0,0,0,0,,0,0,0,0,
SAME,,10,-300,,0,0,,4,300,10,346,,13,600,21,346,,0,0,0,0,,0,0,0,0,
ALII,,17,-313,,0,0,,0,0,0,0,,7,313,17,540,,0,0,0,0,,0,0,0,0,
AMMN,,265,-332,,0,0,,0,0,0,0,,18,332,265,7982,,0,0,0,0,,0,0,0,0,
DYAN,,3,-350,,0,0,,1,10,0,89,,1,360,3,91,,0,0,0,0,,0,0,0,0,
BFIN,,28,-368,,0,0,,1,10,1,755,,4,378,29,767,,0,0,0,0,,0,0,0,0,
BDMN,,101,-399,,0,0,,0,0,0,0,,24,399,101,2531,,0,0,0,0,,0,0,0,0,
ESTA,,3,-432,,0,0,,2,50,0,68,,9,482,3,70,,0,0,0,0,,0,0,0,0,
BEER,,5,-450,,0,0,,1,50,1,105,,1,500,6,111,,0,0,0,0,,0,0,0,0,
JAYA,,4,-459,,0,0,,0,0,0,0,,19,459,4,95,,0,0,0,0,,0,0,0,0,
MMIX,,13,-459,,0,0,,12,1258,35,281,,19,1717,48,282,,0,0,0,0,,0,0,0,0,
DKHH,,6,-494,,0,0,,12,2200,24,110,,17,2694,30,111,,0,0,0,0,,0,0,0,0,
APEX,,6,-500,,0,0,,0,0,0,0,,2,500,6,127,,0,0,0,0,,0,0,0,0,
NAYZ,,5,-500,,0,0,,0,0,0,0,,4,500,5,101,,0,0,0,0,,0,0,0,0,
SAGE,,2,-500,,0,0,,3,500,2,41,,4,1000,4,42,,0,0,0,0,,0,0,0,0,
NASI,,5,-550,,0,0,,8,1000,9,89,,4,1550,14,88,,0,0,0,0,,0,0,0,0,
EAST,,6,-589,,0,0,,20,3087,29,94,,5,3676,35,96,,0,0,0,0,,0,0,0,0,
AISA,,9,-619,,0,0,,6,1901,24,126,,23,2520,33,129,,0,0,0,0,,0,0,0,0,
PALM,,30,-688,,0,0,,15,403,18,444,,16,1091,48,436,,0,0,0,0,,0,0,0,0,
JAWA,,11,-700,,0,0,,0,0,0,0,,18,700,11,152,,0,0,0,0,,0,0,0,0,
RUNS,,9,-700,,0,0,,1,300,3,109,,5,1000,12,123,,0,0,0,0,,0,0,0,0,
DSFI,,7,-729,,0,0,,16,4708,41,86,,32,5437,47,87,,0,0,0,0,,0,0,0,0,
CPIN,,337,-746,,0,0,,34,1025,460,4491,,71,1771,797,4500,,0,0,0,0,,0,0,0,0,
MIRA,,6,-765,,0,0,,11,5620,38,68,,16,6385,44,68,,0,0,0,0,,0,0,0,0,
SWID,,8,-787,,0,0,,1,200,2,96,,5,987,9,96,,0,0,0,0,,0,0,0,0,
PPRE,,25,-791,,0,0,,120,29185,333,114,,83,29976,358,119,,0,0,0,0,,0,0,0,0,
OPMS,,7,-842,,0,0,,5,1601,13,84,,14,2443,20,84,,0,0,0,0,,0,0,0,0,
KUAS,,6,-905,,0,0,,5,2500,18,73,,11,3405,25,72,,0,0,0,0,,0,0,0,0,
EPAC,,4,-914,,0,0,,1,86,0,36,,3,1000,4,40,,0,0,0,0,,0,0,0,0,
MHKI,,14,-930,,0,0,,0,0,0,0,,18,930,14,149,,0,0,0,0,,0,0,0,0,
SOLA,,14,-975,,0,0,,1,1000,15,150,,31,1975,29,148,,0,0,0,0,,0,0,0,0,
DNAR,,12,-983,,0,0,,1,1,0,121,,3,984,12,122,,0,0,0,0,,0,0,0,0,
BTEK,,2,-1000,,0,0,,0,0,0,0,,1,1000,2,16,,0,0,0,0,,0,0,0,0,
KBLM,,39,-1000,,0,0,,0,0,0,0,,1,1000,39,390,,0,0,0,0,,0,0,0,0,
MBMAZPCX5A,,6,-1000,,0,0,,0,0,0,0,,1,1000,6,60,,0,0,0,0,,0,0,0,0,
MDLA,,23,-1004,,0,0,,20,1768,41,229,,56,2772,64,230,,0,0,0,0,,0,0,0,0,
CSMI,,41,-1025,,0,0,,0,0,0,0,,28,1025,41,400,,0,0,0,0,,0,0,0,0,
KICI,,14,-1031,,0,0,,1,51,1,151,,15,1082,15,141,,0,0,0,0,,0,0,0,0,
JKON,,12,-1149,,0,0,,34,1887,18,95,,32,3036,30,98,,0,0,0,0,,0,0,0,0,
MSIN,,41,-1196,,0,0,,143,16449,1059,644,,201,17645,1100,623,,0,0,0,0,,0,0,0,0,
CGAS,,18,-1208,,0,0,,72,7558,121,160,,81,8766,139,159,,0,0,0,0,,0,0,0,0,
DKFT,,93,-1209,,0,0,,46,2969,217,732,,56,4178,311,743,,0,0,0,0,,0,0,0,0,
DMMX,,49,-1300,,0,0,,8,305,12,387,,30,1605,61,380,,0,0,0,0,,0,0,0,0,
ICON,,7,-1356,,0,0,,0,0,0,0,,11,1356,7,52,,0,0,0,0,,0,0,0,0,
MPXL,,18,-1410,,0,0,,4,160,2,122,,17,1570,20,124,,0,0,0,0,,0,0,0,0,
GSMF,,16,-1420,,0,0,,17,1209,14,116,,16,2629,30,114,,0,0,0,0,,0,0,0,0,
BRRC,,17,-1492,,0,0,,273,115193,981,85,,324,116685,997,85,,0,0,0,0,,0,0,0,0,
WINR,,4,-1500,,0,0,,0,0,0,0,,1,1500,4,29,,0,0,0,0,,0,0,0,0,
BBCA,,1212,-1512,,0,0,,45,922,735,7968,,14,2434,1947,7998,,0,0,0,0,,0,0,0,0,
SIDO,,82,-1540,,0,0,,0,0,0,0,,4,1540,82,532,,0,0,0,0,,0,0,0,0,
UNTR,,4198,-1649,,0,0,,94,850,2162,25430,,165,2499,6360,25450,,0,0,0,0,,0,0,0,0,
BELL,,15,-1714,,0,0,,44,12310,95,77,,78,14024,109,78,,0,0,0,0,,0,0,0,0,
JPFA,,324,-1850,,0,0,,76,4754,853,1793,,83,6604,1177,1782,,0,0,0,0,,0,0,0,0,
KBAG,,9,-2000,,0,0,,0,0,0,0,,1,2000,9,43,,0,0,0,0,,0,0,0,0,
CENT,,25,-2050,,0,0,,4,583,7,123,,11,2633,32,121,,0,0,0,0,,0,0,0,0,
LPPS,,18,-2100,,0,0,,42,5911,52,88,,27,8011,70,87,,0,0,0,0,,0,0,0,0,
BHIT,,9,-2500,,0,0,,0,0,0,0,,1,2500,9,36,,0,0,0,0,,0,0,0,0,
VTNY,,27,-2500,,0,0,,25,500,5,106,,9,3000,32,107,,0,0,0,0,,0,0,0,0,
KPIG,,78,-2505,,0,0,,1136,119064,2306,194,,1797,121569,2385,196,,0,0,0,0,,0,0,0,0,
UCID,,122,-2663,,0,0,,0,0,0,0,,19,2663,122,458,,0,0,0,0,,0,0,0,0,
PACK,,744,-2711,,0,0,,69,1672,478,2859,,124,4383,1222,2788,,0,0,0,0,,0,0,0,0,
GRPH,,21,-2838,,0,0,,84,10031,75,74,,79,12869,95,74,,0,0,0,0,,0,0,0,0,
PBRX,,7,-2933,,0,0,,15,10400,41,39,,33,13333,48,36,,0,0,0,0,,0,0,0,0,
MPIX,,18,-3116,,0,0,,330,76072,570,75,,187,79188,588,74,,0,0,0,0,,0,0,0,0,
PGAS,,581,-3298,,0,0,,54,5080,898,1768,,123,8378,1479,1765,,0,0,0,0,,0,0,0,0,
VIVA,,11,-3331,,0,0,,30,13391,46,34,,4,16722,57,34,,0,0,0,0,,0,0,0,0,
MEJA,,36,-3715,,0,0,,47,17003,157,92,,79,20718,193,93,,0,0,0,0,,0,0,0,0,
BCIP,,36,-3744,,0,0,,1,4,0,95,,9,3748,36,95,,0,0,0,0,,0,0,0,0,
DILD,,53,-3834,,0,0,,1,170,2,138,,13,4004,55,137,,0,0,0,0,,0,0,0,0,
SRTG,,802,-3990,,20,-100,,73,8530,1771,2076,,164,12520,2572,2055,,0,0,0,0,,3,100,20,1955,
SOFA,,21,-4025,,0,0,,2,575,3,53,,22,4600,24,52,,0,0,0,0,,0,0,0,0,
SCMA,,137,-4089,,0,0,,59,12351,403,327,,65,16440,541,329,,0,0,0,0,,0,0,0,0,
ANTM,,1397,-4115,,0,0,,285,22519,7688,3414,,303,26634,9085,3411,,0,0,0,0,,0,0,0,0,
OKAS,,117,-4260,,0,0,,0,0,0,0,,32,4260,117,275,,0,0,0,0,,0,0,0,0,
BAPA,,43,-4605,,0,0,,69,26681,207,78,,141,31286,250,80,,0,0,0,0,,0,0,0,0,
KOCI,,33,-4647,,0,0,,79,15992,106,67,,75,20639,139,67,,0,0,0,0,,0,0,0,0,
IPTV,,20,-4700,,0,0,,1,300,1,42,,1,5000,21,42,,0,0,0,0,,0,0,0,0,
CHEM,,48,-4708,,0,0,,6,244,2,99,,31,4952,50,102,,0,0,0,0,,0,0,0,0,
MLIA,,180,-5000,,0,0,,0,0,0,0,,13,5000,180,360,,0,0,0,0,,0,0,0,0,
INET,,126,-5440,,0,0,,225,41860,944,225,,338,47300,1070,226,,0,0,0,0,,0,0,0,0,
IKAN,,127,-5616,,0,0,,504,128289,1955,152,,500,133905,2082,155,,0,0,0,0,,0,0,0,0,
TAMU,,17,-6000,,0,0,,0,0,0,0,,3,6000,17,28,,0,0,0,0,,0,0,0,0,
WIFI,,1554,-6029,,0,0,,144,13668,3521,2576,,227,19697,5075,2577,,0,0,0,0,,0,0,0,0,
GTSI,,58,-6070,,0,0,,6,935,9,93,,41,7005,66,95,,0,0,0,0,,0,0,0,0,
BUVA,,214,-6269,,0,0,,395,123554,4554,369,,557,129823,4769,367,,0,0,0,0,,0,0,0,0,
ADHI,,194,-6589,,0,0,,34,7855,232,295,,55,14444,426,295,,0,0,0,0,,0,0,0,0,
WGSH,,120,-7000,,0,0,,0,0,0,0,,11,7000,120,171,,0,0,0,0,,0,0,0,0,
ASLC,,103,-7656,,0,0,,170,81273,858,106,,215,88929,961,108,,0,0,0,0,,0,0,0,0,
MDKA,,2085,-7910,,0,0,,386,30437,8143,2675,,546,38347,10228,2667,,0,0,0,0,,0,0,0,0,
IMJS,,191,-7951,,0,0,,1,50,1,244,,26,8001,192,240,,0,0,0,0,,0,0,0,0,
ZINC,,19,-8611,,0,0,,2,4000,9,22,,19,12611,28,22,,0,0,0,0,,0,0,0,0,
GRIA,,190,-8725,,0,0,,172,39295,503,128,,269,48020,693,144,,0,0,0,0,,0,0,0,0,
INTA,,21,-9444,,0,0,,0,0,0,0,,3,9444,21,22,,0,0,0,0,,0,0,0,0,
IMPC,,1488,-9579,,0,0,,709,182306,25770,1414,,738,191885,27259,1421,,0,0,0,0,,0,0,0,0,
BLTA,,39,-9600,,0,0,,8,594,2,41,,10,10194,42,41,,0,0,0,0,,0,0,0,0,
ESSA,,585,-9648,,0,0,,102,22697,1394,614,,108,32345,1979,612,,0,0,0,0,,0,0,0,0,
PNBS,,56,-9833,,0,0,,11,7888,45,57,,27,17721,101,57,,0,0,0,0,,0,0,0,0,
PYFA,,634,-10374,,0,0,,277,53223,3130,588,,483,63597,3764,592,,0,0,0,0,,0,0,0,0,
PPRI,,292,-10469,,0,0,,134,27016,768,284,,131,37485,1061,283,,0,0,0,0,,0,0,0,0,
PCAR,,48,-11383,,0,0,,0,0,0,0,,19,11383,48,42,,0,0,0,0,,0,0,0,0,
PART-W,,28,-12263,,0,0,,2,201,0,23,,14,12464,28,23,,0,0,0,0,,0,0,0,0,
GZCO,,265,-12400,,0,0,,315,133891,2986,223,,458,146291,3252,222,,0,0,0,0,,0,0,0,0,
HRTA,,1085,-12491,,0,0,,179,14550,1260,866,,366,27041,2344,867,,0,0,0,0,,0,0,0,0,
LPKR,,151,-14922,,0,0,,18,10291,103,100,,29,25213,254,101,,0,0,0,0,,0,0,0,0,
BATR,,197,-15557,,0,0,,141,20254,252,124,,260,35811,449,125,,0,0,0,0,,0,0,0,0,
MBMA,,738,-16148,,0,0,,137,47572,2066,434,,262,63720,2804,440,,0,0,0,0,,0,0,0,0,
MANG,,76,-16186,,0,0,,4,668,3,46,,29,16854,79,47,,0,0,0,0,,0,0,0,0,
PART,,222,-17572,,0,0,,1136,22257,269,121,,2091,39829,491,123,,0,0,0,0,,0,0,0,0,
DOID,,669,-18195,,0,0,,39,3640,132,364,,72,21835,801,367,,0,0,0,0,,0,0,0,0,
MEDC,,2405,-19443,,0,0,,73,4277,530,1238,,61,23720,2935,1237,,0,0,0,0,,0,0,0,0,
MPIX-W,,24,-19990,,0,0,,1,1,0,14,,4,19991,24,12,,0,0,0,0,,0,0,0,0,
DGIK,,193,-20010,,0,0,,0,0,0,0,,43,20010,193,96,,0,0,0,0,,0,0,0,0,
MINA,,356,-20060,,0,0,,204,92822,1683,181,,367,112882,2039,181,,0,0,0,0,,0,0,0,0,
ASPI,,846,-20348,,0,0,,18,775,33,427,,32,21123,879,416,,0,0,0,0,,0,0,0,0,
INDX,,192,-22050,,0,0,,8,450,4,88,,119,22500,196,87,,0,0,0,0,,0,0,0,0,
INDY,,3972,-23782,,41,250,,431,34198,5703,1668,,881,57980,9675,1669,,4,250,41,1620,,0,0,0,0,
LAND,,103,-24231,,0,0,,3,600,3,42,,35,24831,105,42,,0,0,0,0,,0,0,0,0,
PRIM,,226,-24302,,0,0,,745,2801,27,95,,954,27103,253,93,,0,0,0,0,,0,0,0,0,
BKSL,,384,-28733,,0,0,,16,6096,82,134,,50,34829,466,134,,0,0,0,0,,0,0,0,0,
PIPA,,474,-28965,,0,0,,238,100533,1626,162,,552,129498,2100,162,,0,0,0,0,,0,0,0,0,
DOOH,,446,-30056,,0,0,,683,81958,1225,149,,771,112014,1671,149,,0,0,0,0,,0,0,0,0,
HILL,,657,-31700,,0,0,,0,0,0,0,,87,31700,657,207,,0,0,0,0,,0,0,0,0,
PSAB,,1863,-32148,,0,0,,760,68120,4110,603,,1494,100268,5973,596,,0,0,0,0,,0,0,0,0,
ADCP,,227,-33928,,0,0,,84,34249,231,67,,187,68177,458,67,,0,0,0,0,,0,0,0,0,
BDKR,,586,-37322,,0,0,,102,29270,461,158,,753,66592,1047,157,,0,0,0,0,,0,0,0,0,
ADRO,,7063,-40183,,0,0,,528,63577,11257,1771,,819,103760,18320,1766,,0,0,0,0,,0,0,0,0,
VKTR,,470,-40750,,0,0,,49,9578,114,120,,255,50328,584,116,,0,0,0,0,,0,0,0,0,
TOSK,,285,-41060,,0,0,,474,182404,1277,70,,490,223464,1562,70,,0,0,0,0,,0,0,0,0,
COAL,,259,-43295,,0,0,,6,6616,40,60,,104,49911,299,60,,0,0,0,0,,0,0,0,0,
EMTK,,7499,-56868,,13,100,,90,14228,1888,1327,,386,71096,9387,1320,,1,100,13,1320,,0,0,0,0,
BABP,,371,-59490,,0,0,,349,200132,1249,62,,444,259622,1620,62,,0,0,0,0,,0,0,0,0,
PSKT,,783,-66846,,0,0,,39,20025,233,116,,56,86871,1016,117,,0,0,0,0,,0,0,0,0,
DEWA,,1510,-67488,,0,0,,281,190109,4349,229,,295,257597,5859,227,,0,0,0,0,,0,0,0,0,
TMPO,,2253,-98781,,0,0,,49,7432,174,235,,1345,106213,2427,229,,0,0,0,0,,0,0,0,0,
LAJU,,809,-106499,,0,0,,878,439743,3678,84,,1197,546242,4487,82,,0,0,0,0,,0,0,0,0,
PADA,,606,-125267,,0,0,,1,2000,9,45,,151,127267,615,48,,0,0,0,0,,0,0,0,0,
BUKA,,2252,-127924,,0,0,,146,171221,2976,174,,282,299145,5229,175,,0,0,0,0,,0,0,0,0,
ANDI,,398,-128264,,0,0,,2,3660,11,31,,323,131924,409,31,,0,0,0,0,,0,0,0,0,
FUTR,,3929,-146710,,0,0,,737,201834,5560,275,,1467,348544,9490,272,,0,0,0,0,,0,0,0,0,
WEGE,,1693,-191210,,0,0,,337,161488,1453,90,,1018,352698,3146,89,,0,0,0,0,,0,0,0,0,
MEDS,,1704,-198695,,0,0,,448,129236,1107,86,,775,327931,2811,86,,0,0,0,0,,0,0,0,0,
WMUU,,546,-311967,,0,0,,23,71852,122,17,,215,383819,668,17,,0,0,0,0,,0,0,0,0,
WSBP,,1303,-394808,,0,0,,55,295962,977,33,,267,690770,2280,33,,0,0,0,0,,0,0,0,0,
SLIS,,4665,-480381,,0,0,,493,170077,1620,95,,2266,650458,6284,97,,0,0,0,0,,0,0,0,0,
GOTO,,3800,-650661,,0,0,,119,118847,689,58,,62,769508,4489,58,,0,0,0,0,,0,0,0,0,

