Code,Last,Change,Prev,Open,High,Low,Freq,Vol,Val(K),Cap(M)
MLPT,131025,19.986263736263737%,109200,117300,131025,117300,509,881,11415780,245671875
DSSA,109800,0.7339449541284404%,109000,107500,113750,107200,4994,32841,361111403,846066447
PGUN,5600,9.803921568627452%,5100,5600,5600,5600,31,252,141120,32131954
SRAJ,9825,5.080213903743315%,9350,9700,9925,9575,367,3186,3132533,120247782
MPRO,4950,7.142857142857142%,4620,4650,4960,4650,107,3394,1647387,49215375
PTRO,4500,7.398568019093078%,4190,4200,4550,4200,35535,1661848,730632960,45387225
DATA,4010,6.084656084656085%,3780,3810,4100,3810,736,20815,8243509,5513750
BLTZ,2380,9.67741935483871%,2170,2380,2380,2380,4,34,8092,2079970
IMPC,1580,14.492753623188406%,1380,1385,1605,1380,4152,618439,94513754,86692230
STTP,10225,1.488833746898263%,10075,10225,10225,10225,5,11,11248,13394750
ADES,13275,1.1428571428571428%,13125,13275,13400,13225,11,11,14628,7830880
SMAR,5600,2.7522935779816518%,5450,5450,5800,5450,229,2442,1380188,16084283
BRPT,2470,6.4655172413793105%,2320,2310,2480,2290,27981,2080421,498869903,231555629
JARR,1800,8.433734939759036%,1660,1790,1800,1790,613,29527,5306391,16615197
BNLI,3870,3.753351206434316%,3730,3730,4000,3730,902,6617,2551284,138621643
TKIM,7225,1.7605633802816902%,7100,7100,7275,7075,687,8933,6410310,22493040
AALI,7875,1.6129032258064515%,7750,7750,7875,7700,1763,13565,10596423,15156921
INDF,7775,1.6339869281045754%,7650,7650,7800,7650,1632,19675,15191228,68267816
RAJA,2920,3.9145907473309607%,2810,2840,2950,2810,5609,313735,90359530,12343081
BLUE,535,24.418604651162788%,430,434,535,434,1602,46330,2391135,223630
UNTR,26800,0.37453183520599254%,26700,26725,26950,26725,2970,12189,32688935,99967622
TPIA,8125,1.2461059190031152%,8025,8000,8200,7950,2440,49533,39984668,702906304
AMFG,3350,3.076923076923077%,3250,3330,3400,3290,31,84,28326,1453900
EXCL,2740,3.3962264150943398%,2650,2650,2750,2640,1941,41486,11185377,49867623
PGJO,1005,9.836065573770492%,915,1005,1005,1005,38,6647,668024,799838
BUAH,1440,6.273062730627306%,1355,1355,1440,1355,305,2998,423898,1440000
SHIP,4080,2%,4000,4190,4190,3950,86,358,145205,11096743
ITMG,22425,0.33557046979865773%,22350,22375,22500,22375,1584,5112,11480063,25338568
SGRO,4650,1.5283842794759825%,4580,4590,4720,4570,723,16534,7648043,8456592
CBUT,1650,4.100946372239748%,1585,1600,1755,1600,288,3802,630750,5156250
KARW,660,10%,600,660,660,660,67,4956,327096,387521
KJEN,270,25%,216,214,270,208,4456,479833,12119539,135000
MKPI,25475,0.19665683382497542%,25425,25475,25475,25475,61,61,155398,24155242
CBDK,6125,0.823045267489712%,6075,6075,6175,6075,1135,32473,19937080,34722285
DAAZ,3000,1.694915254237288%,2950,2960,3100,2910,363,4008,1210485,5991000
INDFDRCX6A,4150,1.2195121951219512%,4100,4120,4150,4120,2,2,827,37350
ARTO,2210,2.314814814814815%,2160,2160,2220,2150,2446,67737,14842406,30327318
BREN,8925,0.5633802816901409%,8875,8875,9200,8775,8949,178678,159963808,1194042014
CUAN,1515,3.061224489795918%,1470,1480,1530,1465,14696,749070,112963550,170314634
DUTI,4440,0.9090909090909091%,4400,4440,4460,4420,52,128,56817,8214000
NFCX,1790,2.2857142857142856%,1750,1820,1820,1745,28,60,10665,1193335
SMIL,710,5.970149253731343%,670,675,710,670,7580,2944395,203338846,6213684
FORU,1190,3.4782608695652173%,1150,1155,1190,1150,175,3481,405144,553617
MCOL,3650,1.10803324099723%,3610,3610,3650,3570,63,977,353391,12977794
IDPR,298,15.503875968992247%,258,258,322,258,1563,60842,1864467,596894
MEGA,3300,1.2269938650306749%,3260,3260,3300,3250,15,29,9491,38357599
SCCO,2310,1.762114537444934%,2270,2300,2310,2260,36,336,76862,1899591
WOOD,414,10.106382978723403%,376,378,436,378,2867,371953,15254947,2665125
PTPP,400,9.89010989010989%,364,368,402,366,3866,493435,19086316,2479959
KOKA,137,34.31372549019608%,102,137,137,137,884,227454,3116120,392003
TIRA,1570,2.2801302931596092%,1535,1540,1705,1500,121,548,88213,923160
MAPI,1265,2.8455284552845526%,1230,1240,1285,1240,4518,227890,28773460,20999000
BAJA,156,27.86885245901639%,122,121,162,121,7062,897720,13670645,280800
NASI,128,34.73684210526316%,95,97,128,97,11624,2168099,25879595,103347
DEFI,346,9.49367088607595%,316,318,346,318,34,333,11497,237794
AMRT,2140,1.4218009478672986%,2110,2130,2140,2100,2881,116805,24750774,88862434
SMLE,256,12.280701754385964%,228,260,282,252,10013,909351,24414482,596007
PTROHDCK6A,166,18.571428571428573%,140,148,167,148,27,26474,423236,24900
BRPTDRCF6A,220,12.82051282051282%,195,197,220,197,11,1302,27659,88000
GEMS,9025,0.2777777777777778%,9000,9000,9125,8975,231,1262,1136355,53088236
RATU,5800,0.4329004329004329%,5775,5825,5850,5650,1615,26380,15138673,15747312
ADMF,8975,0.27932960893854747%,8950,8975,9000,8950,25,84,75473,8975000
HEAL,1695,1.4970059880239521%,1670,1670,1700,1670,1309,87027,14641663,26045285
AMMN,8050,0.3115264797507788%,8025,8125,8175,8025,12425,254408,206075533,583771652
AISA,146,20.66115702479339%,121,121,154,121,13847,2195457,31297485,1359523
AADI,7000,0.35842293906810035%,6975,7025,7150,6950,2365,59661,41929353,54508242
BUKK,900,2.857142857142857%,875,875,900,875,51,971,85944,2376407
BRAM,5125,0.49019607843137253%,5100,5100,5200,5100,9,11,5635,2306542
HOKI,103,32.05128205128205%,78,79,103,78,50708,20417631,194327529,996809
ASII,5675,0.4424778761061947%,5650,5650,5675,5600,2868,53811,30410895,229744164
INKP,7525,0.33333333333333337%,7500,7550,7625,7475,1112,18070,13634908,41169147
FLMC,268,9.836065573770492%,244,262,268,262,415,123201,3271061,209375
INDX,194,14.117647058823529%,170,199,224,173,9949,937274,19280108,84955
ISATBQCU5A,26,766.6666666666667%,3,50,50,7,1180,288343,673403,2600
WINS,438,5.288461538461538%,416,418,444,416,722,55568,2388612,1953913
STRK,230,9.523809523809524%,210,230,230,230,402,107022,2461506,2466022
CEKA,2690,0.7490636704119851%,2670,2660,2690,2660,11,61,16285,1600550
BBSI,4030,0.4987531172069825%,4010,4020,4050,3980,10,64,25801,14661044
MSTI,1555,1.3029315960912053%,1535,1535,1565,1530,352,8144,1257772,4881792
ITIC,324,6.578947368421052%,304,318,360,310,6452,405480,13628227,304793
AUTO,2360,0.8547008547008548%,2340,2340,2370,2340,503,7235,1703651,11374570
COIN,2150,0.9389671361502347%,2130,2140,2160,1995,14007,473844,97789197,31617647
SIPD,700,2.941176470588235%,680,700,700,700,1,2,140,1287371
BRPTZPCF6A,240,9.090909090909092%,220,240,240,240,1,1,24,48000
CPIN,4830,0.4158004158004158%,4810,4810,4890,4800,1886,22457,10879792,79202340
INDY,2170,0.9302325581395349%,2150,2150,2230,2150,4749,233887,51041779,11306117
IRSX,220,10%,200,220,220,220,234,156927,3452394,1362910
BESS,1075,1.8957345971563981%,1055,1065,1080,1045,39,778,83339,3698490
BBRIBQCU5A,22,340%,5,8,50,8,2057,601775,1453076,660
LAPD,204,9.090909090909092%,187,204,204,204,165,306990,6262596,809135
AMMS,228,7.547169811320755%,212,216,232,212,1045,119386,2715797,281648
BBHI,1525,0.9933774834437087%,1510,1535,1535,1500,221,6330,958710,32807255
MBSS,1515,1%,1500,1495,1525,1465,346,14033,2099567,2651290
MHKI,208,7.772020725388601%,193,195,240,195,24666,3072793,67863619,780000
HRUM,1110,1.36986301369863%,1095,1095,1180,1095,7416,610862,69929472,15005091
STAA,1110,1.36986301369863%,1095,1095,1125,1085,828,93008,10319808,12102744
BAYU,1300,1.1673151750972763%,1285,1285,1320,1285,77,3416,442817,459187
BRPTDRCJ6A,113,14.14141414141414%,99,98,114,98,26,8421,88897,33900
BMRIBQCU5A,20,233.33333333333334%,6,6,26,6,3257,1345723,2165641,800
PTIS,414,3.5000000000000004%,400,406,416,400,57,768,31375,227768
SMGRBQCU5A,19,280%,5,1,24,1,3431,1324816,2052872,570
HILL,218,6.862745098039216%,204,206,246,206,5194,351912,7920667,3213647
MMIX,402,3.608247422680412%,388,388,414,386,1819,158492,6316282,964886
VERN,142,10.077519379844961%,129,130,142,126,1060,114151,1565620,676711
MLPL,168,8.38709677419355%,155,153,181,151,36730,12706965,214920392,2634630
INPS,146,9.774436090225564%,133,146,146,146,209,74244,1083962,94900
WGSH,232,5.454545454545454%,220,220,232,206,139,14910,328627,241860
SMKM,216,5.88235294117647%,204,222,222,200,695,244288,5146345,270648
NSSS,466,2.643171806167401%,454,454,468,454,1062,99411,4589242,11091531
PDPP,498,2.4691358024691357%,486,600,600,490,296,14561,830467,1524548
IDEA,136,9.67741935483871%,124,133,136,133,88,47336,643740,144492
PTROZPCK6A,86,16.216216216216218%,74,77,88,77,64,104934,841812,60200
MIDI,464,2.6548672566371683%,452,454,468,454,801,105123,4877104,15513977
NZIA,111,12.121212121212121%,99,99,133,99,9017,1814522,22140404,243927
CASH,122,9.90990990990991%,111,120,122,111,389,68400,831420,174597
BBCABQCX5A,21,110.00000000000001%,10,10,35,9,2917,933387,1942132,1890
BRPTDRPV5A,14,366.66666666666663%,3,4,19,3,4839,3524167,3692907,1820
AKSI,290,3.571428571428571%,280,308,340,288,2565,130530,4119774,208800
CMRY,4850,0.2066115702479339%,4840,4840,4880,4820,340,2321,1126775,38483213
PGAS,1755,0.5730659025787965%,1745,1745,1765,1740,2574,95025,16659532,42543847
BBLD,900,1.1235955056179776%,890,945,945,895,14,1550,139639,1481216
TOWR,610,1.6666666666666667%,600,605,610,600,2260,256581,15526327,36049843
EPMT,2310,0.43478260869565216%,2300,2300,2310,2290,15,37,8515,6256958
SURE,2790,0.3597122302158274%,2780,2850,2850,2760,22,69,19281,4178239
JSMR,3510,0.2857142857142857%,3500,3500,3530,3490,1030,15606,5471527,25475128
MTEL,600,1.694915254237288%,590,590,600,585,438,14549,862320,50135782
EDGE,4290,0.23364485981308408%,4280,4290,4410,4280,45,136,58944,8666873
ADRO,1660,0.6060606060606061%,1650,1655,1665,1650,10250,362904,60078710,48786884
BTPN,2120,0.47393364928909953%,2110,2180,2180,2100,45,147,31555,22336752
ADROBQCU5A,15,200%,5,4,19,4,2810,1031444,1248788,750
IMAS,1130,0.8928571428571428%,1120,1120,1140,1115,199,4513,508287,4513549
BDMN,2480,0.4048582995951417%,2470,2480,2510,2470,234,1594,395963,23996027
CTRA,985,1.0256410256410255%,975,975,990,965,1755,97861,9552388,18257660
CYBR,995,1.015228426395939%,985,985,1025,985,16968,85038,8477909,6612815
SSMS,1450,0.6944444444444444%,1440,1435,1455,1430,440,72289,10442956,13811250
MEDC,1310,0.7692307692307693%,1300,1310,1320,1280,6917,445142,57912603,32928463
CLPI,1270,0.7936507936507936%,1260,1260,1270,1255,44,393,49675,389050
SOHO,750,1.3513513513513513%,740,740,755,740,22,261,19491,9518762
LFLO,328,3.1446540880503147%,318,330,346,304,62,413,13392,428937
BIRD,1825,0.5509641873278237%,1815,1820,1840,1815,535,8625,1575803,4566333
HOMI,258,4.032258064516129%,248,252,282,252,594,68576,1802715,406350
PNSE,785,1.2903225806451613%,775,775,825,775,23,206,16633,626284
CDIA,1495,0.6734006734006733%,1485,1490,1515,1455,18699,916821,136010461,186619915
PWON,386,2.6595744680851063%,376,380,388,376,4108,590565,22567322,18589607
ESSA,665,1.5267175572519083%,655,660,685,650,3111,360050,24067560,11455939
ACESBQCX5B,18,100%,9,12,24,9,1636,851355,1343870,5760
RAJAHDCK6A,95,10.465116279069768%,86,86,95,86,16,43026,374531,17100
WEHA,126,7.6923076923076925%,117,118,135,117,2287,250715,3177895,184030
BBNIBQCU5A,17,112.5%,8,69,69,7,2347,1059526,1410949,680
LOPI,108,9.090909090909092%,99,106,108,100,1131,325488,3493345,118801
RUNS,119,8.181818181818182%,110,107,121,107,189,13113,153798,117043
NIKL,228,3.6363636363636362%,220,222,238,218,468,51235,1162058,575324
ALDO,500,1.6260162601626018%,492,492,500,492,24,1312,65389,1350357
APLI,498,1.6326530612244898%,490,484,500,450,48,1793,86060,678610
ADHI,292,2.8169014084507045%,284,288,296,284,1881,288742,8404779,2455022
AMRTBQCU5A,14,133.33333333333331%,6,6,18,6,7254,3326893,4102741,1680
YOII,107,8.080808080808081%,99,100,112,100,1766,279968,2974006,366442
GOTOBQCZ5A,14,133.33333333333331%,6,2,16,2,4496,2677803,3081480,3920
BBNIDRPZ5A,63,14.545454545454545%,55,63,63,61,4,283,1747,6300
KOPI,342,2.3952095808383236%,334,334,356,334,277,9729,337194,238465
TRIN,102,8.51063829787234%,94,94,109,94,1631,187816,1923100,464249
BRPTZPCK6A,43,22.857142857142858%,35,42,45,42,10,3324,14375,30100
GPSO,402,2.030456852791878%,394,426,428,382,1550,104898,4204808,268030
ARTOBQCU5A,15,114.28571428571428%,7,7,21,7,1680,761578,1077144,750
STAR,96,9.090909090909092%,88,96,96,96,37,5441,52234,460800
KLBFBQCV5A,14,133.33333333333331%,6,6,18,6,2798,1178564,1443527,560
MSIE,79,9.722222222222223%,72,79,79,77,466,158998,1254983,115341
ACST,141,5.223880597014925%,134,135,149,134,2288,331654,4729816,2492198
DADA,86,8.860759493670885%,79,86,86,86,192,97238,836247,639112
KLIN,188,3.867403314917127%,181,187,196,182,159,26644,503078,245816
OPMS,100,7.526881720430108%,93,93,102,91,3403,628304,6115122,100000
GDST,115,6.481481481481481%,108,109,122,108,3069,366552,4288071,1062888
ATIC,460,1.3215859030837005%,454,456,464,446,68,3247,147610,1065066
LPGI,452,1.345291479820628%,446,448,470,436,370,5719,261057,1356000
BBSS,306,2%,300,300,310,300,47,2477,75582,1468805
INKPDRCF6A,177,3.508771929824561%,171,177,177,177,2,51,903,17700
COAL,66,10%,60,66,66,66,1105,909739,6004277,412500
BRPTDRCX5A,236,2.608695652173913%,230,236,236,236,3,3,71,94400
HAJJ,129,4.878048780487805%,123,122,131,122,634,113076,1437696,318408
PICO,232,2.6548672566371683%,226,248,260,210,5839,403140,9606003,131863
KSIX,258,2.380952380952381%,252,252,266,252,267,12787,331652,551561
KOCI,70,9.375%,64,65,80,64,7904,1841042,13536905,309092
BRMSDRPX5A,18,50%,12,11,21,10,999,517110,778836,3600
ACESBQCV5A,14,75%,8,1,15,1,1777,688228,815099,1120
ASHA,72,9.090909090909092%,66,72,72,72,167,60213,433534,360000
GLOB,68,9.67741935483871%,62,68,68,68,14,444,3019,75556
TRUS,480,1.2658227848101267%,474,474,480,468,24,224,10660,384000
FIRE,102,6.25%,96,96,117,96,11217,2088510,22856299,150487
PORT,980,0.5128205128205128%,975,970,980,960,20,47,4535,2757663
LPCK,645,0.78125%,640,625,665,625,174,5386,348836,3311872
RMKE,1000,0.5025125628140703%,995,1000,1030,985,447,64081,6428248,4375000
PCAR,57,9.615384615384617%,52,57,57,57,353,207935,1185230,66500
BBCABQCV5A,22,29.411764705882355%,17,17,26,17,1162,306574,695299,880
LPPF,1640,0.3058103975535168%,1635,1645,1665,1635,397,8661,1426842,3703578
BOLT,1050,0.4784688995215311%,1045,1050,1050,1050,5,40,4200,2460938
MBTO,128,4.0650406504065035%,123,124,130,121,491,28543,358612,136960
HDIT,63,8.620689655172415%,58,63,63,63,672,169276,1066439,96055
PNLFYUCV5A,12,71.42857142857143%,7,11,14,10,401,227933,280362,3000
FORE,540,0.9345794392523363%,535,540,550,535,1269,45886,2481546,4815914
MTMH,1185,0.423728813559322%,1180,1185,1200,1185,19,286,33999,2451204
CSRA,860,0.5847953216374269%,855,875,875,855,139,6823,587328,1763000
MPXL,188,2.73224043715847%,183,187,208,184,3061,303085,5810341,376003
PRAY,695,0.7246376811594203%,690,695,695,695,2,2,139,9701798
BMAS,785,0.641025641025641%,780,780,825,780,71,1644,133682,14068484
BMBL,57,9.615384615384617%,52,57,57,52,455,164971,933772,58715
SFAN,1920,0.26109660574412535%,1915,1920,1920,1920,23,397,76224,2611073
PADA,63,8.620689655172415%,58,63,63,63,258,101281,638070,198450
CTRAHDCK6A,50,11.11111111111111%,45,48,50,48,4,182,896,10000
CLAY,1605,0.3125%,1600,1600,1605,1580,53,1001,160181,4124850
SOFA,77,6.944444444444445%,72,79,79,71,1684,458121,3538451,127325
ABBA,57,9.615384615384617%,52,57,57,57,161,129845,740117,224346
ENRG,640,0.7874015748031495%,635,640,645,625,3541,301587,19230203,16637587
BBRIDRCX5A,162,3.1847133757961785%,157,162,165,162,6,2292,37346,16200
BALI,1345,0.3731343283582089%,1340,1350,1390,1345,35,92,12579,5292027
ESIP,60,9.090909090909092%,55,57,60,57,126,52073,308858,66597
MAPA,575,0.8771929824561403%,570,570,590,565,1883,162617,9398271,16389800
ATAP,63,8.620689655172415%,58,63,63,63,92,8660,54558,78750
ACES,440,0.9174311926605505%,436,440,442,436,1984,216167,9487793,7532971
LPIN,426,0.9478672985781991%,422,422,430,420,119,1664,70529,181050
YELO,70,6.0606060606060606%,66,66,70,66,184,68600,461222,133894
VICO,206,1.9801980198019802%,202,204,210,200,131,7184,147128,3134718
BKDP,49,8.88888888888889%,45,49,49,49,25,5928,29047,368186
GOTOBQCJ6A,12,50%,8,9,15,8,1025,582644,615126,7560
ALKA,322,1.257861635220126%,318,318,324,310,21,574,18576,163468
ESSABQCZ5A,57,7.547169811320755%,53,54,57,52,5,233,1306,4560
CRSN,112,3.7037037037037033%,108,109,117,109,278,9642,109010,323904
ERAADRCJ6A,15,36.36363636363637%,11,12,15,12,380,287913,375571,7500
DMMX,384,1.0526315789473684%,380,386,390,380,170,7696,295708,2953846
IPCM,304,1.3333333333333335%,300,300,308,300,413,25573,779360,1606583
PPRI,374,1.0810810810810811%,370,370,398,366,3360,295525,11316490,402060
ADROBQCZ5A,16,33.33333333333333%,12,12,17,12,754,404672,586270,640
MGNA,49,8.88888888888889%,45,49,49,49,59,8780,43022,167115
INDYHDCJ6A,230,1.7699115044247788%,226,232,232,228,8,463,10668,34500
AMAN,125,3.3057851239669422%,121,122,126,120,175,23546,288131,484188
PUDP,232,1.7543859649122806%,228,228,238,228,51,262,6033,152916
BPFI,340,1.1904761904761905%,336,352,352,332,8,17,588,909158
ARTODRCK6A,80,5.263157894736842%,76,75,80,75,5,208,1663,8000
JKON,92,4.545454545454546%,88,89,95,87,2432,511673,4684532,1500384
PURA,48,9.090909090909092%,44,48,48,48,361,240503,1154414,302493
ENRGZPCK6A,26,18.181818181818183%,22,26,26,26,2,2,5,18200
DART,163,2.515723270440252%,159,162,163,157,221,6307,101293,512047
OASA,262,1.550387596899225%,258,262,270,258,2914,2559560,67436783,1662972
SAPX,314,1.2903225806451613%,310,310,320,310,170,1138,35618,261667
ERAA,454,0.8888888888888888%,450,452,456,450,1352,149984,6789731,7241300
PALM,410,0.9852216748768473%,406,406,414,400,212,2529,103090,6450479
XIFE,108,3.8461538461538463%,104,108,108,108,2,6,65,36839
CHEM,103,4.040404040404041%,99,100,108,99,3092,539566,5651331,175102
DOSS,192,2.127659574468085%,188,195,206,189,1627,162831,3189682,331200
INDS,226,1.8018018018018018%,222,222,226,222,55,2279,51093,1483124
INCF,49,8.88888888888889%,45,49,49,49,127,44734,219197,70480
SKBM,358,1.1299435028248588%,354,354,358,344,23,270,9544,619377
HAJJ-W,22,22.22222222222222%,18,18,23,18,628,257174,534532,8182
TARA,45,9.75609756097561%,41,45,45,45,235,130178,585801,453134
ASRI,182,2.247191011235955%,178,180,184,176,2367,456626,8247068,3576193
BAPI,44,10%,40,40,44,40,494,212062,894072,246047
GULA,352,1.1494252873563218%,348,342,356,342,134,8504,298769,376768
AGAR,250,1.6260162601626018%,246,250,270,246,547,2517,65135,250000
MARI,44,10%,40,44,44,44,228,219788,967067,231116
ISAP,45,9.75609756097561%,41,43,45,41,2847,1123405,5025151,180905
POLA,46,9.523809523809524%,42,46,46,46,274,147804,679898,154149
PGASDRCG6A,74,4.225352112676056%,71,74,74,74,1,10,74,14800
PGASBQCU5A,89,3.488372093023256%,86,88,89,88,2,4,35,3560
IKAI,42,7.6923076923076925%,39,36,42,36,1476,928391,3459842,558844
FWCT,161,1.89873417721519%,158,158,161,156,112,10554,166369,316043
BOBA,180,1.694915254237288%,177,177,182,177,68,1564,27963,208035
CITY,125,2.459016393442623%,122,122,134,118,2336,343450,4368031,675649
BRPTBQCX5B,72,4.3478260869565215%,69,69,72,69,5,1257,8880,5760
NETV,128,2.4%,125,126,130,126,210,15457,198332,5294146
HDFA,126,2.4390243902439024%,123,123,135,123,110,3171,40996,824348
AYLS,114,2.7027027027027026%,111,111,119,109,1493,202852,2326106,97290
DIGI,41,7.894736842105263%,38,41,41,41,105,27824,114078,66625
PPRE,102,3.0303030303030303%,99,100,107,98,3365,425255,4361714,1042876
BKSW,74,4.225352112676056%,71,71,75,71,582,145450,1066915,2575679
ZINC,42,7.6923076923076925%,39,42,42,42,216,116822,490652,1060500
TLKMHDCJ6A,66,4.761904761904762%,63,66,66,66,1,155,1023,13200
CBPE,193,1.5789473684210527%,190,190,195,190,50,299,5726,261756
LMPI,144,2.127659574468085%,141,142,145,141,39,530,7544,145227
PWONZPCH6A,39,8.333333333333332%,36,39,39,39,1,1,4,7800
SEMA,104,2.9702970297029703%,101,104,108,101,256,13713,142677,140115
MAPIBQCV5A,14,27.27272727272727%,11,11,16,7,2089,907803,1192473,700
R-LQ45X,987,0.3048780487804878%,984,987,987,987,1,5,494,141042
ZATA,39,8.333333333333332%,36,39,39,39,96,38993,152073,331344
HRME,49,6.521739130434782%,46,45,49,42,95,66735,316593,291979
WINR,40,8.108108108108109%,37,40,40,40,126,39971,159884,209413
BUKA,154,1.9867549668874174%,151,151,154,151,2654,941988,14353788,15883465
XDIF,456,0.6622516556291391%,453,456,456,456,1,11,502,62654
GOTODRCG6A,11,37.5%,8,9,13,8,6938,5818742,6016998,11000
MDRN,39,8.333333333333332%,36,39,39,39,391,156791,611485,297655
WAPO,175,1.744186046511628%,172,175,184,170,1045,70919,1258604,217162
VERN-W,8,60%,5,5,8,4,2102,1609535,1035495,4486
KOTA,38,8.571428571428571%,35,38,38,38,451,254666,967731,400755
TRJA,143,2.142857142857143%,140,140,145,140,155,14281,201313,215959
MAPIDRCX5A,23,15%,20,21,24,21,6,2607,6171,6900
BEKS,34,9.67741935483871%,31,34,34,34,554,695180,2363612,1745959
VTNY,106,2.912621359223301%,103,103,110,101,2065,270828,2847396,664111
BNBR,55,5.769230769230769%,52,57,57,55,1305,1381918,7780762,9537926
ENZO,44,7.317073170731707%,41,45,45,44,180,102711,452192,95152
INOV,100,3.0927835051546393%,97,97,102,96,146,5872,57924,180822
MANG,53,6%,50,50,54,49,769,166629,869857,202063
IBFN,42,7.6923076923076925%,39,42,42,42,32,9734,40883,63728
POLY,36,9.090909090909092%,33,36,36,36,86,16034,57722,89847
CMPP,93,3.3333333333333335%,90,90,93,90,17,49,447,993717
DPUM,71,2.898550724637681%,69,69,76,68,1180,232731,1680004,296425
SCNP,187,1.0810810810810811%,185,187,190,178,42,816,15361,467500
BWPT,149,1.3605442176870748%,147,147,149,147,847,225030,3334375,4697268
AADIHDCK6A,75,2.73972602739726%,73,74,76,74,6,147,1102,11250
XBES,1059,0.1892147587511826%,1057,1059,1059,1059,1,100,10590,212
NELY,352,0.5714285714285714%,350,350,356,346,175,7417,260967,827200
UNIQ,370,0.5434782608695652%,368,368,372,360,613,208292,7597368,1161424
ECII,190,1.0638297872340425%,188,188,192,186,52,2523,47400,253523
ESSAHDCH6A,61,3.389830508474576%,59,59,63,59,7,45,275,29280
JAYA,107,1.9047619047619049%,105,108,110,104,265,17102,181544,85439
CANI,47,4.444444444444445%,45,47,47,47,91,16013,75261,39172
HEALDRCJ6A,52,4%,50,52,52,52,1,1,5,15600
ASIIZPCJ6A,119,1.7094017094017095%,117,119,119,119,1,109,1297,23800
MEDCBQCV5A,54,3.8461538461538463%,52,48,54,48,12,1543,7468,2160
XKMS,1148,0.17452006980802792%,1146,1147,1150,1146,25,1248,143274,182188
RANC,424,0.47393364928909953%,422,424,424,412,10,29,1223,663343
FOLK,83,2.4691358024691357%,81,81,83,80,97,46264,379804,327696
ICON,51,4.081632653061225%,49,50,51,50,38,4076,20664,55577
BTEK,28,7.6923076923076925%,26,28,28,28,130,80933,226612,1295770
KREN,24,9.090909090909092%,22,24,24,24,148,166909,400582,437003
CFIN,314,0.641025641025641%,312,312,316,312,109,5047,158958,1251139
UNTRDRCG6A,167,1.2121212121212122%,165,167,167,167,2,136,2271,16700
LMAX,84,2.4390243902439024%,82,85,90,82,900,118644,1040576,54601
XCLQ,87,2.3529411764705883%,85,88,88,87,5,243,2115,10927
BBRIYUCV5A,111,1.834862385321101%,109,111,111,111,1,185,2054,11100
CPINDRCG6A,79,2.5974025974025974%,77,80,80,79,2,3,24,7900
CPINZPCJ6A,48,4.3478260869565215%,46,47,48,47,3,202,970,9600
TKIMZPCG6A,103,1.9801980198019802%,101,99,105,98,13,8541,87095,20600
EURO,292,0.6896551724137931%,290,290,292,280,68,593,16918,744257
PURI,200,1.0101010101010102%,198,198,218,195,557,20837,424211,200000
MPPA,74,2.7777777777777777%,72,72,81,71,11813,3701029,28348354,959531
MBMADRPX5A,17,13.333333333333334%,15,15,20,14,410,222530,369265,3400
BPTR,98,2.083333333333333%,96,96,99,96,71,2144,20751,346332
WMUU,30,7.142857142857142%,28,28,30,28,1689,2126567,6112121,388235
BUDI,216,0.9345794392523363%,214,214,218,212,19,513,11026,971783
AVIA,422,0.4761904761904762%,420,420,422,418,930,44114,1851629,26144400
WINE,218,0.9259259259259258%,216,216,224,214,73,1807,39181,590780
JSMRDRCK6A,68,3.0303030303030303%,66,68,68,68,1,1,7,10200
AMMNDRCJ6A,68,3.0303030303030303%,66,69,69,67,5,511,3455,13600
ARII,272,0.7407407407407408%,270,270,280,268,53,589,16074,933232
BDKR,163,1.2422360248447204%,161,162,165,161,1252,184486,3004515,770192
KBLM,378,0.5319148936170213%,376,376,382,376,35,1535,58300,423360
ELSAZPCG6A,35,6.0606060606060606%,33,35,35,35,1,10,35,7000
LAJU,76,2.7027027027027026%,74,75,86,74,11125,3221345,26002495,163396
PEGE,116,1.7543859649122806%,114,119,119,114,174,18529,214830,328676
GTBO,206,0.9803921568627451%,204,204,210,204,100,1711,35325,515000
BMHS,176,1.1494252873563218%,174,174,178,173,474,69542,1217738,1514201
GGRP,238,0.847457627118644%,236,240,242,236,108,6793,163282,2882508
DOOH,162,1.25%,160,160,164,157,5922,799038,12802121,1253700
ERTX,125,1.6260162601626018%,123,128,130,123,70,2279,28465,160817
SOCI,206,0.9803921568627451%,204,208,210,204,418,69111,1423876,1454154
DKHH,108,1.8867924528301887%,106,108,115,106,2461,339987,3784607,275400
XIIT,517,0.3883495145631068%,515,516,555,515,14,133,6893,2114582
MEDS,72,2.857142857142857%,70,71,72,69,1281,191683,1344256,112500
INAI,155,1.3071895424836601%,153,157,159,153,47,1295,20116,98208
ARTOBQCZ5A,22,10%,20,23,23,21,11,7910,17738,880
INKPBQCX5A,54,3.8461538461538463%,52,54,54,54,3,108,583,8640
SKLT,192,1.0526315789473684%,190,194,194,188,17,453,8624,1326222
INPC,171,1.183431952662722%,169,170,174,168,895,88628,1517120,3423622
TAXI,22,10%,20,22,22,22,107,552471,1215436,224920
WOMF,342,0.5882352941176471%,340,342,342,340,10,38,1293,1190667
INTA,31,6.896551724137931%,29,31,31,31,33,4197,13011,103662
SKRN,412,0.4878048780487805%,410,412,416,410,60,1238,51080,3090000
LSIPDRCK6A,45,4.651162790697675%,43,45,45,45,1,1,5,6750
PBRX,46,4.545454545454546%,44,42,46,42,1091,781631,3420797,988173
ESTA,78,2.631578947368421%,76,76,81,74,1367,200950,1538655,189178
PSSI,350,0.5747126436781609%,348,346,352,346,56,680,23662,1895972
GOTOZPCK6A,13,8.333333333333332%,12,12,13,12,2,999,1215,9100
KOCI-W,16,6.666666666666667%,15,16,17,14,437,396126,635232,7200
MEDCBQCZ5A,35,2.941176470588235%,34,35,35,35,2,409,1432,3850
RMKO,138,0.7299270072992701%,137,141,143,136,182,18754,263033,172500
WTON,107,0.9433962264150944%,106,107,111,104,1051,331089,3569595,932555
MSKY,95,1.0638297872340425%,94,94,97,93,808,170978,1619379,189465
LPKR,104,0.9708737864077669%,103,104,108,102,15238,6174360,64745558,7373394
APLN,107,0.9433962264150944%,106,106,108,105,305,61066,650347,2428828
ZYRX,150,0.6711409395973155%,149,149,151,146,214,6046,90019,200000
EPAC,40,2.564102564102564%,39,41,41,40,141,48177,196778,132136
TOSK,68,1.4925373134328357%,67,67,71,65,2589,816712,5589462,297519
UNSP,171,0.5882352941176471%,170,170,171,170,27,21321,363957,427528
LPPS,86,1.1764705882352942%,85,85,92,85,1990,261696,2308966,222590
RELF,55,1.8518518518518516%,54,54,57,53,863,156680,850012,315031
OMED,189,0.5319148936170213%,188,188,189,188,53,496,9333,5114123
ISAP-W,15,7.142857142857142%,14,15,16,14,1471,942946,1419678,11248
PTBABQCV5A,19,5.555555555555555%,18,18,19,16,33,4752,7839,2660
ESSAZPCK6A,22,4.761904761904762%,21,21,22,21,2,28889,60667,15400
SULI,97,1.0416666666666665%,96,97,99,96,108,7379,71596,613115
MANG-W,27,3.8461538461538463%,26,26,27,25,46,8718,22220,6176
ASIIHDCZ5A,164,0.6134969325153374%,163,164,164,164,1,1,16,19680
KIOS,86,1.1764705882352942%,85,86,93,85,2998,714224,6379475,92524
AKRAHDCH6A,64,1.5873015873015872%,63,64,64,64,1,4,26,12800
SDPC,134,0.7518796992481203%,133,133,135,132,24,2145,28846,170716
MTFN,16,6.666666666666667%,15,16,16,16,225,303464,485542,509473
DILD,139,0.7246376811594203%,138,138,140,137,512,64291,894166,1440854
PYFA-W,99,1.0204081632653061%,98,96,100,95,32,1920,18818,17657
OILS,137,0.7352941176470588%,136,139,139,136,68,3105,42720,62206
INCODRPV5A,13,8.333333333333332%,12,12,13,12,10,2654,3450,1300
MAPADRCJ6A,14,7.6923076923076925%,13,13,16,13,1274,875324,1245766,7000
ELTY,19,5.555555555555555%,18,19,19,19,127,70748,134421,826916
ARTOZPCK6A,51,2%,50,51,51,51,1,60,306,35700
IPOL,136,0.7407407407407408%,135,137,173,133,1243,65924,1028960,876300
XCID,71,1.4285714285714286%,70,65,71,65,53,1345,9325,284000
CSIS,130,0.7751937984496124%,129,129,131,129,134,23183,301885,169910
MTELDRCK6A,19,5.555555555555555%,18,19,19,19,1,2229,4235,7600
GOTOZPCH6A,24,4.3478260869565215%,23,24,24,24,1,7,17,4800
DIVA,133,0.7575757575757576%,132,133,136,132,248,28160,377168,190000
DNAR,122,0.8264462809917356%,121,122,124,121,157,16448,201233,2057810
AKRAZPCX5A,62,1.639344262295082%,61,62,62,62,2,1004,6225,12400
ARTODRCX5A,53,1.9230769230769231%,52,53,53,53,1,1,5,15900
XPTD,474,0.21141649048625794%,473,473,474,473,2,5,237,17917
JGLE,18,5.88235294117647%,17,18,18,18,98,37541,67574,406474
RODA,50,2.0408163265306123%,49,51,51,50,24,1090,5469,679606
CTRADRCJ6A,24,4.3478260869565215%,23,23,24,22,9,8150,19558,12000
BHIT,40,2.564102564102564%,39,40,40,40,422,205001,820004,3442726
BMRIBQCJ6A,67,1.5151515151515151%,66,67,67,67,1,10,67,6700
WEGE,76,1.3333333333333335%,75,75,79,71,3814,700459,5267862,727472
SRTGZPCG6A,97,1.0416666666666665%,96,101,101,97,2,26,253,19400
KLBFDRCG6A,19,5.555555555555555%,18,18,19,18,4,1048,1990,5700
PMUI,130,0.7751937984496124%,129,130,132,129,213,22278,290175,754000
NPGF,61,1.6666666666666667%,60,61,62,60,356,97132,588329,197654
ACESBQCZ5A,19,5.555555555555555%,18,18,19,18,15,3170,5781,2660
PNBS,55,1.8518518518518516%,54,55,56,54,366,105497,579889,2113403
KING-W,14,7.6923076923076925%,13,13,14,12,115,62480,81500,3628
TRGU,174,0.5780346820809248%,173,173,174,172,25,974,16927,1382502
TRIS,187,0.5376344086021506%,186,189,189,185,30,569,10662,587450
MIRA,68,1.4925373134328357%,67,70,70,68,153,80255,558452,269379
SOLA,143,0.7042253521126761%,142,143,146,139,845,131344,1874090,469684
ACESZPCJ6A,21,5%,20,21,21,21,3,636,1336,4200
KPIG,200,0.5025125628140703%,199,200,202,197,1742,258079,5152316,19511426
ASPR,97,1.0416666666666665%,96,97,97,96,333,17850,171645,263064
KLBFBQCJ6A,48,2.127659574468085%,47,49,49,48,2,2,10,5760
BBRIDRPZ5A,51,2%,50,52,52,51,14,1256,6517,5100
ENRGDRCJ6A,91,1.1111111111111112%,90,87,91,87,4,158,1437,45500
BRRC,82,1.2345679012345678%,81,82,88,81,2516,585666,4932405,79664
UVCR,75,1.3513513513513513%,74,75,75,73,892,23902,176396,150011
KUAS,73,1.3888888888888888%,72,73,75,71,1230,59320,431850,94375
ADRODRCX5A,29,3.571428571428571%,28,30,30,29,5,7027,20378,8700
MEDCDRCG6A,38,2.7027027027027026%,37,38,38,36,9,4384,16252,11400
BNGAZPCH6A,49,0%,49,49,49,49,0,0,0,9800
ITMGHDCJ6A,152,0%,152,152,152,152,0,0,0,15200
TLKMYUCH5A,,0%,,,,,0,0,0,0
PTBABQCZ4A,,0%,,,,,0,0,0,0
XNVE,178,0%,178,178,178,178,0,0,0,4023
PGEODRCQ5A,106,0%,106,106,106,106,0,0,0,42400
MDKAYUCX4A,,0%,,,,,0,0,0,0
BBCABQCZ4A,,0%,,,,,0,0,0,0
BSDEZPCH6A,60,0%,60,60,60,60,0,0,0,12000
MMLP-R,,0%,,,,,0,0,0,0
ENRGZPCG6A,208,0%,208,208,208,208,0,0,0,41600
POOL,50,0%,50,50,50,50,0,0,0,117068
UNVRHDCK5A,,0%,,,,,0,0,0,0
INKPZPCM5A,,0%,,,,,0,0,0,0
ANTMZPCH5A,,0%,,,,,0,0,0,0
UNVRBQCZ5A,81,0%,81,81,81,81,0,0,0,2430
PIPA-W,,0%,,,,,0,0,0,0
ADROZPCF6A,22,0%,22,22,22,22,0,0,0,4400
SMLE-W,,0%,,,,,0,0,0,0
PGEOZPCF5A,,0%,,,,,0,0,0,0
ADRODRCQ5A,1,0%,1,1,1,1,0,0,0,200
ADRODRCQ5B,12,0%,12,12,12,12,0,0,0,2400
MPPA-R,,0%,,,,,0,0,0,0
ARTOZPCF5A,,0%,,,,,0,0,0,0
SCPI,29000,0%,29000,29000,29000,29000,0,0,0,104400
AMRTZPCF5A,,0%,,,,,0,0,0,0
TLKMDRCJ5A,,0%,,,,,0,0,0,0
BFIN,795,0%,795,800,810,785,1287,98337,7828880,11956310
FAST,322,0%,322,322,326,320,115,4500,144478,1456603
FASW,5275,0%,5275,5275,5275,5275,0,0,0,16992122
INCOHDCJ6A,95,0%,95,95,95,95,0,0,0,14250
AUTOZPCJ6A,33,0%,33,33,33,33,0,0,0,6600
LCGP,114,0%,114,114,114,114,0,0,0,641820
TLKMBQCG6A,70,0%,70,70,70,70,0,0,0,7700
BALI-W,,0%,,,,,0,0,0,0
HOTL-W,,0%,,,,,0,0,0,0
NINE,310,0%,310,310,310,310,0,0,0,668670
CTRAZPCG6A,41,0%,41,41,41,41,0,0,0,8200
DUCK,176,0%,176,176,176,176,0,0,0,225866
IBOS,47,0%,47,47,49,46,679,178021,849043,379092
GOTOHDCQ5A,2,0%,2,2,2,2,0,0,0,1260
INDYZPCG6A,117,0%,117,121,124,117,12,771,9446,23400
MBAP,1605,0%,1605,1605,1610,1605,43,731,117369,1969771
GIAA,71,0%,71,71,71,71,445,150895,1071355,6495136
SMGRBQCM5A,,0%,,,,,0,0,0,0
POSA,50,0%,50,50,50,50,0,0,0,419444
PGASZPCM5A,,0%,,,,,0,0,0,0
ANTMDRPU5A,2,0%,2,2,2,2,0,0,0,340
ANTMDRPU5B,2,0%,2,2,2,2,0,0,0,500
CINT,161,0%,161,162,162,158,35,684,10982,161000
TBMS,1010,0%,1010,1020,1040,1010,34,217,22134,742027
BBRIZPCJ5A,,0%,,,,,0,0,0,0
ARTODRCQ5A,1,0%,1,1,1,1,0,0,0,300
BTPSZPCH6A,40,0%,40,40,40,40,0,0,0,8000
UNVRBQCZ4A,,0%,,,,,0,0,0,0
BBNIHDCU5A,12,0%,12,12,12,12,0,0,0,1200
IKBI,510,0%,510,505,510,498,75,1216,60854,624240
BBTNHDCZ5A,109,0%,109,109,109,109,0,0,0,16350
CRAB,240,0%,240,240,240,238,41,5375,128880,468000
MFMI,1300,0%,1300,1300,1300,1300,0,0,0,984855
ANTMYUCQ5A,324,0%,324,324,324,324,0,0,0,64800
DLTA,2000,0%,2000,2000,2000,1990,22,110,21962,1601318
NIPS,,0%,,,,,0,0,0,0
SCMAHDCZ5A,330,0%,330,330,330,330,0,0,0,49500
MAMI-W,,0%,,,,,0,0,0,0
TLKMHDCV5A,316,0%,316,316,316,316,0,0,0,31600
DOOH-W,,0%,,,,,0,0,0,0
GOTOZPCK5A,,0%,,,,,0,0,0,0
MDKA-R,,0%,,,,,0,0,0,0
AGRO,244,0%,244,246,250,240,991,136090,3334076,5976315
BMRIYUCQ5A,16,0%,16,16,16,16,0,0,0,1600
PKPK,565,0%,565,555,565,550,30,559,31117,678000
IBST,6100,0%,6100,6100,6100,6100,0,0,0,8240520
GOTOYUCX4A,,0%,,,,,0,0,0,0
KLBFZPCG5A,,0%,,,,,0,0,0,0
NIRO,126,0%,126,125,126,122,13,559,7016,2797058
MTPS-W,,0%,,,,,0,0,0,0
APFS,,0%,,,,,0,0,0,0
BBNIZPCX5A,65,0%,65,65,65,65,0,0,0,13000
MEDCBQCZ4A,,0%,,,,,0,0,0,0
BMRIZPCH5A,,0%,,,,,0,0,0,0
DNAR-R,,0%,,,,,0,0,0,0
BAUT-W,,0%,,,,,0,0,0,0
ARTOBQCJ5A,,0%,,,,,0,0,0,0
POWR,705,0%,705,705,710,700,305,13299,938236,11341445
BRPTDRCJ5A,,0%,,,,,0,0,0,0
INDFBQCM5A,,0%,,,,,0,0,0,0
FASW-R,,0%,,,,,0,0,0,0
CITA,4090,0%,4090,4110,4120,4080,87,1483,607820,16197878
BBRIHDCG5A,,0%,,,,,0,0,0,0
TKIMHDCJ6A,76,0%,76,76,76,76,0,0,0,13680
BANK-W,412,0%,412,412,412,412,0,0,0,1062481
UANG,2060,0%,2060,2060,2060,2060,0,0,0,2492600
UNTRZPCH5A,,0%,,,,,0,0,0,0
ARTOZPCJ5A,,0%,,,,,0,0,0,0
UNVRBQCM5A,,0%,,,,,0,0,0,0
ATPK,,0%,,,,,0,0,0,0
IBFN-R,,0%,,,,,0,0,0,0
SPRE,76,0%,76,76,77,74,779,57439,433024,60800
AMRTZPCJ5A,,0%,,,,,0,0,0,0
PTBABQCM5A,,0%,,,,,0,0,0,0
MSJA,302,0%,302,302,302,300,62,53514,1606103,1776471
NISP,1360,0%,1360,1370,1375,1355,504,38344,5222369,30893455
IBFN-W,,0%,,,,,0,0,0,0
JSMRHDCH6A,116,0%,116,116,116,116,0,0,0,17400
SQMI-R,,0%,,,,,0,0,0,0
TAPGZPCH6A,106,0%,106,106,106,106,0,0,0,21200
MUTU-W,1,0%,1,1,1,1,0,0,0,236
PANIHDCJ6A,109,0%,109,109,109,109,0,0,0,10900
CPINZPCM5A,,0%,,,,,0,0,0,0
APII,182,0%,182,182,183,178,16,149,2699,195788
PACK-W,,0%,,,,,0,0,0,0
TOPS,1,0%,1,1,1,1,0,0,0,33330
HYGN,159,0%,159,158,161,158,134,10371,165375,401475
XBIG,600,0%,600,600,600,600,0,0,0,120
UNIT,316,0%,316,316,316,316,0,0,0,23833
BBRIYUCF5A,,0%,,,,,0,0,0,0
XBIN,582,0%,582,582,582,582,0,0,0,1189201
FORZ-W,,0%,,,,,0,0,0,0
ITMGZPCZ4A,,0%,,,,,0,0,0,0
XBID,514,0%,514,514,514,514,1,10,514,17939
PTDU,16,0%,16,16,16,16,0,0,0,24000
BABP-W4,,0%,,,,,0,0,0,0
BABP-W3,,0%,,,,,0,0,0,0
MEDCHDCK5A,,0%,,,,,0,0,0,0
TKGA,,0%,,,,,0,0,0,0
PTBAHDCK5A,,0%,,,,,0,0,0,0
BABP-W2,,0%,,,,,0,0,0,0
REAL,98,0%,98,98,98,98,0,0,0,650094
BIPP-W2,,0%,,,,,0,0,0,0
SIDODRCK6A,33,0%,33,33,33,33,0,0,0,9900
TOOL,65,0%,65,66,67,64,308,19610,127656,133251
XBLQ,464,0%,464,464,464,464,0,0,0,149037
BBMD,2120,0%,2120,2120,2120,2120,0,0,0,8584281
XSMU,,0%,,,,,0,0,0,0
BBRIZPCF5A,,0%,,,,,0,0,0,0
BRPTBQCG5A,,0%,,,,,0,0,0,0
MDKADRPX5A,24,0%,24,24,24,24,0,0,0,3600
MBMA,474,0%,474,474,480,464,5909,1055432,49666541,51189829
SMGRZPCZ4A,,0%,,,,,0,0,0,0
JATI,134,0%,134,134,135,131,393,23855,316452,437178
META-R,,0%,,,,,0,0,0,0
SMGRBQCZ4A,,0%,,,,,0,0,0,0
AMRTDRCH5A,,0%,,,,,0,0,0,0
BBNI,4370,0%,4370,4390,4390,4330,4306,122584,53535184,161359365
NAGA,,0%,,,,,0,0,0,0
IGAR,520,0%,520,530,530,520,9,89,4635,505546
SRTGHDCK6A,114,0%,114,114,114,114,0,0,0,11400
UNTRDRCJ5A,,0%,,,,,0,0,0,0
ADROBQCN5A,,0%,,,,,0,0,0,0
MEDCBQCM5A,,0%,,,,,0,0,0,0
PGASZPCZ4A,,0%,,,,,0,0,0,0
MYRXP,,0%,,,,,0,0,0,0
SMGRBQCZ5A,38,0%,38,38,38,38,0,0,0,1140
KBAG-W,,0%,,,,,0,0,0,0
INCOBQCQ5A,99,0%,99,99,99,99,0,0,0,8910
BBCADRCX6A,3750,0%,3750,3750,3750,3750,0,0,0,22500
KLBFDRCN5A,,0%,,,,,0,0,0,0
INDFZPCZ4A,,0%,,,,,0,0,0,0
XBNI,1000,0%,1000,1000,1000,1000,0,0,0,2400
TOTO,258,0%,258,254,258,254,155,4413,113543,2662560
ANTMBQCG5A,,0%,,,,,0,0,0,0
TOTL,780,0%,780,780,780,765,291,9855,761111,2659800
SHID,890,0%,890,935,935,890,15,292,26580,996200
ASIIZPCF5A,,0%,,,,,0,0,0,0
BAPI-W,,0%,,,,,0,0,0,0
XSPI,812,0%,812,812,812,812,0,0,0,16889600
BBNP,,0%,,,,,0,0,0,0
APFS-W1019117,,0%,,,,,0,0,0,0
GRPM-W,14,0%,14,15,15,14,18,6004,8528,2162
ASIIDRCQ5B,9,0%,9,9,9,9,0,0,0,1350
ASIIDRCQ5A,10,0%,10,10,10,10,0,0,0,1500
GMFI-R,,0%,,,,,0,0,0,0
PGASBQCZ5A,64,0%,64,64,64,64,0,0,0,5760
NAIK,140,0%,140,141,142,138,1275,100950,1409701,465819
KIAS,21,0%,21,21,21,21,0,0,0,313511
MDKAZPCF5A,,0%,,,,,0,0,0,0
RIMO,50,0%,50,50,50,50,0,0,0,2254030
SMGRHDCG5A,,0%,,,,,0,0,0,0
TMPO-R,,0%,,,,,0,0,0,0
PGASBQCZ4A,,0%,,,,,0,0,0,0
BRPTDRCN5A,,0%,,,,,0,0,0,0
AMRTDRCZ5A,30,0%,30,30,30,30,0,0,0,9000
APOL,,0%,,,,,0,0,0,0
ADRODRCH5A,,0%,,,,,0,0,0,0
XSRI,,0%,,,,,0,0,0,0
TLKMYUCQ5A,165,0%,165,165,165,165,0,0,0,33000
CPINZPCZ4A,,0%,,,,,0,0,0,0
SMGRZPCM5A,,0%,,,,,0,0,0,0
KICI,147,0%,147,150,151,144,88,1737,25444,40572
BBRI,4130,0%,4130,4160,4170,4120,16039,808057,335390023,619679290
MKAP,350,0%,350,350,350,348,23,718,24998,1137500
UNVRZPCZ4A,,0%,,,,,0,0,0,0
MDKABQCN5A,,0%,,,,,0,0,0,0
HOKI-W,,0%,,,,,0,0,0,0
PTBAZPCZ4A,,0%,,,,,0,0,0,0
AYAM,178,0%,178,179,183,176,5154,1176653,21128924,712000
DFAM-W,,0%,,,,,0,0,0,0
BESS-W,,0%,,,,,0,0,0,0
PTMP,96,0%,96,95,98,95,463,63830,614849,304243
ASIIHDCM5A,,0%,,,,,0,0,0,0
PTMR,374,0%,374,374,374,374,0,0,0,713218
HEALHDCH6A,152,0%,152,152,152,152,0,0,0,27360
MDKAHDCM5A,,0%,,,,,0,0,0,0
BUKAZPCZ4A,,0%,,,,,0,0,0,0
ALII,540,0%,540,545,545,530,52,14259,770041,8545932
UNVRZPCM5A,,0%,,,,,0,0,0,0
ANTMYUCH5A,,0%,,,,,0,0,0,0
MBMABQCM5A,,0%,,,,,0,0,0,0
UNTRHDCM5A,,0%,,,,,0,0,0,0
BBNIZPCF5A,,0%,,,,,0,0,0,0
BBCAZPCJ5A,,0%,,,,,0,0,0,0
MEDCDRCQ5A,32,0%,32,32,32,32,0,0,0,9600
KLBFZPCF6A,18,0%,18,18,18,18,0,0,0,3600
DADA-W,,0%,,,,,0,0,0,0
XSSK,701,0%,701,701,701,701,0,0,0,12548
IKPM,212,0%,212,208,216,208,100,10930,232731,357148
BSWD,1410,0%,1410,1410,1410,1410,0,0,0,5149289
UNTRYUCM5A,,0%,,,,,0,0,0,0
INKPBQCM5A,,0%,,,,,0,0,0,0
ICBP,9300,0%,9300,9275,9350,9250,1309,9748,9070518,108455744
MDKADRCQ5A,24,0%,24,24,24,24,0,0,0,7200
BBRIBQCJ5A,,0%,,,,,0,0,0,0
BMRIYUCH5A,,0%,,,,,0,0,0,0
BMRIDRCJ5A,,0%,,,,,0,0,0,0
SUGI,50,0%,50,50,50,50,0,0,0,1240577
MEDCZPCZ4A,,0%,,,,,0,0,0,0
ACESDRCQ5A,1,0%,1,1,1,1,0,0,0,500
PURA-W,,0%,,,,,0,0,0,0
XBSK,451,0%,451,451,451,451,0,0,0,804674
TLKMZPCX4A,,0%,,,,,0,0,0,0
ADROZPCK5A,,0%,,,,,0,0,0,0
TOYS,8,0%,8,8,8,8,0,0,0,11480
GREN,,0%,,,,,0,0,0,0
BBRIBQCJ6A,75,0%,75,75,75,75,1,2,15,7500
PGASBQCM5A,,0%,,,,,0,0,0,0
AKRAZPCF5A,,0%,,,,,0,0,0,0
WIFI-R,,0%,,,,,0,0,0,0
SQBI,,0%,,,,,0,0,0,0
ISATDRCX5A,37,0%,37,37,37,37,1,150,555,14800
PLAS,50,0%,50,50,50,50,0,0,0,59210
PLAN,55,0%,55,55,55,53,385,79945,431394,49319
CARE,302,0%,302,302,304,294,968,97803,2930804,10041500
PGEOZPCJ6A,50,0%,50,50,50,50,0,0,0,10000
RAFI,15,0%,15,15,15,15,0,0,0,46922
ALMI,74,0%,74,74,74,74,0,0,0,282384
LRNA-W,,0%,,,,,0,0,0,0
SAGE-W,,0%,,,,,0,0,0,0
BMRIBQCM5A,,0%,,,,,0,0,0,0
PTPW,945,0%,945,940,945,940,37,198,18630,829887
ISATZPCF6A,47,0%,47,47,47,47,0,0,0,9400
SQBB,,0%,,,,,0,0,0,0
MDKAZPCJ5A,,0%,,,,,0,0,0,0
LSIPHDCJ6A,50,0%,50,50,50,50,0,0,0,8000
BNLI-R,,0%,,,,,0,0,0,0
XKIV,590,0%,590,590,590,590,1,8,472,9499
SICO-W,,0%,,,,,0,0,0,0
AMMS-W,,0%,,,,,0,0,0,0
GOTODRCQ5A,2,0%,2,2,2,2,0,0,0,4000
BBYB,348,0%,348,350,360,344,2569,438320,15419299,4599508
BORN,,0%,,,,,0,0,0,0
BBRIDRCQ5A,7,0%,7,7,7,7,0,0,0,700
AMRTHDCK5A,,0%,,,,,0,0,0,0
INCOYUCZ5A,105,0%,105,105,105,105,0,0,0,21000
NASA,59,0%,59,60,60,59,218,41191,245422,649291
XKID,955,0%,955,955,955,955,0,0,0,11269
BULL-R,,0%,,,,,0,0,0,0
BULL-W,,0%,,,,,0,0,0,0
COCO-W,,0%,,,,,0,0,0,0
ADMRHDCJ6A,55,0%,55,55,55,55,0,0,0,11000
BOSS,50,0%,50,50,50,50,0,0,0,70000
AKRADRCX5A,35,0%,35,35,35,35,1,5,18,14000
ADROZPCX4A,,0%,,,,,0,0,0,0
AMRTDRCQ5A,3,0%,3,3,3,3,0,0,0,600
ANTMDRCN5A,,0%,,,,,0,0,0,0
INDFBQCV5A,29,0%,29,29,29,29,0,0,0,870
LUCK,95,0%,95,95,97,93,765,87668,833358,67996
PURE-W,,0%,,,,,0,0,0,0
BRISHDCH6A,62,0%,62,62,62,62,0,0,0,12400
ICBPZPCF5A,,0%,,,,,0,0,0,0
ETWA,70,0%,70,70,70,70,0,0,0,326807
LUCY,92,0%,92,92,92,90,35,555,5050,139359
DKHH-W,16,0%,16,16,17,16,141,28410,46206,4240
SDMU,71,0%,71,76,76,71,55,8459,61393,80601
BTPSHDCJ6A,74,0%,74,74,74,74,0,0,0,11100
AKRAZPCJ6A,49,0%,49,49,49,49,0,0,0,9800
EXCLHDCQ5A,153,0%,153,153,153,153,0,0,0,23256
ADROYUCF5A,,0%,,,,,0,0,0,0
PNLFZPCH6A,37,0%,37,37,37,37,2,4049,14981,7400
TLKMHDCQ5A,110,0%,110,110,110,110,0,0,0,22000
NANO-W,,0%,,,,,0,0,0,0
BBCADRPQ5A,20,0%,20,20,20,20,0,0,0,1200
KING,199,0%,199,198,200,196,88,5325,105616,517576
UNTRHDCQ5A,21,0%,21,21,21,21,0,0,0,2100
LEAD-R,,0%,,,,,0,0,0,0
KINO,1150,0%,1150,1150,1150,1145,15,213,24494,1642857
INDFDRCH5A,,0%,,,,,0,0,0,0
SLIS-W,17,0%,17,17,18,16,76,61240,104129,2757
MKNT,1,0%,1,1,1,1,0,0,0,5500
AKRAZPCJ5A,,0%,,,,,0,0,0,0
FREN-W2,,0%,,,,,0,0,0,0
SUPR,43850,0%,43850,43850,43850,43850,0,0,0,49882870
KRAS-R,,0%,,,,,0,0,0,0
BUKABQCM5A,,0%,,,,,0,0,0,0
TGRA,27,0%,27,27,27,27,0,0,0,74250
INCOBQCH5A,,0%,,,,,0,0,0,0
GAMA,18,0%,18,18,18,18,0,0,0,180198
RALS,396,0%,396,396,396,394,292,19747,780172,2810016
PPRO-R,,0%,,,,,0,0,0,0
PRIM-W,,0%,,,,,0,0,0,0
BRPTHDCN5A,,0%,,,,,0,0,0,0
DMND,575,0%,575,570,580,565,33,449,25787,5444306
POOL-R,,0%,,,,,0,0,0,0
POOL-W,,0%,,,,,0,0,0,0
KRAH,,0%,,,,,0,0,0,0
ICBPDRCX6A,3940,0%,3940,3940,3940,3940,0,0,0,19700
ALTO,18,0%,18,18,18,18,0,0,0,39454
KRAS,312,0%,312,316,322,304,1221,201960,6338027,6036076
ADROZPCG5A,,0%,,,,,0,0,0,0
BBSS-W,,0%,,,,,0,0,0,0
PLIN,2510,0%,2510,2510,2510,2510,0,0,0,8910500
CNTB,250,0%,250,250,250,250,0,0,0,32500
ITMGBQCG5A,,0%,,,,,0,0,0,0
MAPIZPCM5A,,0%,,,,,0,0,0,0
TRIS-W,,0%,,,,,0,0,0,0
JSMR-R,,0%,,,,,0,0,0,0
TRIS-R,,0%,,,,,0,0,0,0
MDKADRCJ5A,,0%,,,,,0,0,0,0
FITT-W,,0%,,,,,0,0,0,0
BUKABQCZ5B,14,0%,14,14,14,14,0,0,0,5880
PPRO,21,0%,21,21,21,21,0,0,0,1295189
ARTOZPCX5A,46,0%,46,46,46,46,0,0,0,9200
ISATHDCJ6A,19,0%,19,19,19,19,1,4,8,3800
SMCB,775,0%,775,775,775,775,0,0,0,6990021
NASA-W,,0%,,,,,0,0,0,0
KOTA-W,,0%,,,,,0,0,0,0
ARTOZPCG5A,,0%,,,,,0,0,0,0
JPFABQCZ5A,83,0%,83,83,83,83,0,0,0,6640
BCAP,71,0%,71,71,71,70,480,119989,842488,3025938
NAYZ,125,0%,125,125,125,125,0,0,0,318751
CNTX,142,0%,142,142,142,142,0,0,0,9940
BBRIBQCQ5A,1,0%,1,1,1,1,0,0,0,100
ADROBQCM5A,,0%,,,,,0,0,0,0
ASIIHDCG5A,,0%,,,,,0,0,0,0
PNBS-W,,0%,,,,,0,0,0,0
ASMI-W,,0%,,,,,0,0,0,0
PNBS-R,,0%,,,,,0,0,0,0
AMRTBQCM5A,,0%,,,,,0,0,0,0
PSKT-R,,0%,,,,,0,0,0,0
SKBM-R,,0%,,,,,0,0,0,0
PSKT-W,,0%,,,,,0,0,0,0
IPTV-W,,0%,,,,,0,0,0,0
JSKY,52,0%,52,52,52,52,0,0,0,105692
YELO-W,,0%,,,,,0,0,0,0
SQMI,43,0%,43,43,43,43,0,0,0,668116
BTEL,50,0%,50,50,50,50,0,0,0,1841133
PGEOBQCM5A,,0%,,,,,0,0,0,0
TGUK,137,0%,137,137,137,137,0,0,0,489289
DEAL,6,0%,6,6,6,6,0,0,0,6877
BKSL,140,0%,140,141,142,137,2637,913040,12677905,23479246
FOOD,204,0%,204,204,204,204,0,0,0,132600
CSAP,300,0%,300,302,304,300,33,1266,38047,1704953
ADROBQCZ4A,,0%,,,,,0,0,0,0
KLBFDRCH5A,,0%,,,,,0,0,0,0
ADROHDCQ5A,1,0%,1,1,1,1,0,0,0,120
CMRYDRCK6A,78,0%,78,78,78,78,0,0,0,7800
ACESDRCJ5A,,0%,,,,,0,0,0,0
PYFA,478,0%,478,478,515,476,5060,468617,22951909,5371135
HDTX,,0%,,,,,0,0,0,0
BBNIYUCF5A,,0%,,,,,0,0,0,0
OMRE,426,0%,426,426,426,426,0,0,0,1254660
VIVA,42,0%,42,42,42,42,435,112242,471416,691499
UDNG-W,,0%,,,,,0,0,0,0
ATIC-R,,0%,,,,,0,0,0,0
ACESDRCJ6A,14,0%,14,14,14,14,22,23198,32477,7000
ICBPHDCJ6A,47,0%,47,47,47,47,0,0,0,9400
MKTR-W,16,0%,16,17,17,15,165,39254,62951,39996
R-ABFII,28600,0%,28600,28600,28600,28600,0,0,0,3598171
ASIIBQCG5A,,0%,,,,,0,0,0,0
BINO-W,,0%,,,,,0,0,0,0
BBCADRCQ5A,7,0%,7,7,7,7,0,0,0,700
ASIIDRCH5A,,0%,,,,,0,0,0,0
HATM-R,,0%,,,,,0,0,0,0
FORZ,,0%,,,,,0,0,0,0
MBMAZPCM5A,,0%,,,,,0,0,0,0
TLKMHDCF5A,,0%,,,,,0,0,0,0
ITTG,,0%,,,,,0,0,0,0
ITMGDRCH5A,,0%,,,,,0,0,0,0
BCIC,170,0%,170,170,170,170,0,0,0,3047432
BULL-W2,,0%,,,,,0,0,0,0
ACESHDCZ5A,37,0%,37,37,37,37,0,0,0,9250
ELSA,500,0%,500,500,510,500,968,94426,4751764,3649250
MEDCZPCM5A,,0%,,,,,0,0,0,0
FIRE-W,,0%,,,,,0,0,0,0
SMGRZPCJ6A,57,0%,57,57,57,57,0,0,0,11400
SIAP,,0%,,,,,0,0,0,0
KIOS-W,,0%,,,,,0,0,0,0
ADRODRCN5A,,0%,,,,,0,0,0,0
TLKMBQCH5A,,0%,,,,,0,0,0,0
UNVRDRCQ5A,3,0%,3,3,3,3,0,0,0,750
TPMA,585,0%,585,590,590,580,330,18732,1097138,2051841
BRPTDRPM5A,,0%,,,,,0,0,0,0
BMRIZPCX5A,24,0%,24,24,24,23,4,3506,8294,4800
TAMA-W,,0%,,,,,0,0,0,0
SIDO,550,0%,550,550,550,540,2380,91798,5023111,16500000
VRNA,90,0%,90,91,91,88,134,10283,92266,511862
AMAG,368,0%,368,368,370,362,8,13,479,1840571
MBMAYUCM5A,,0%,,,,,0,0,0,0
XPCR,,0%,,,,,0,0,0,0
LMAS,50,0%,50,50,50,50,0,0,0,39393
MLPL-R,,0%,,,,,0,0,0,0
SICO,125,0%,125,125,127,122,338,45708,566293,113760
TLKMZPCZ4A,,0%,,,,,0,0,0,0
BBCAYUCQ5A,32,0%,32,32,32,32,0,0,0,3200
MGRO,755,0%,755,755,765,745,516,66689,5014110,2683607
UNTRZPCX4A,,0%,,,,,0,0,0,0
MTLA,440,0%,440,446,446,440,15,95,4188,3368256
KMTR-R,,0%,,,,,0,0,0,0
XCIS,95,0%,95,92,102,84,43,1276,12070,99750
IPPE,14,0%,14,14,14,14,0,0,0,64400
POLA-W,,0%,,,,,0,0,0,0
INKPZPCJ5A,,0%,,,,,0,0,0,0
PDES,464,0%,464,464,464,464,1,8,371,331760
RIMO-R,,0%,,,,,0,0,0,0
ADROHDCM5A,,0%,,,,,0,0,0,0
MAPABQCZ5A,14,0%,14,15,15,14,4,14,21,2520
ADROHDCM5B,,0%,,,,,0,0,0,0
PGASZPCJ6A,50,0%,50,50,50,50,0,0,0,10000
ADROHDCM5C,,0%,,,,,0,0,0,0
XPES,,0%,,,,,0,0,0,0
LSIPZPCG6A,65,0%,65,65,65,65,0,0,0,13000
CMPP-R,,0%,,,,,0,0,0,0
TLKMZPCM5A,,0%,,,,,0,0,0,0
EXCLHDCJ6A,34,0%,34,34,34,34,0,0,0,8500
BMRIBQCG5A,,0%,,,,,0,0,0,0
ACESDRCN5A,,0%,,,,,0,0,0,0
INCOHDCQ5A,36,0%,36,36,36,36,0,0,0,6480
AKRAHDCQ5A,18,0%,18,18,18,18,0,0,0,4500
BBCAZPCF5A,,0%,,,,,0,0,0,0
AKRADRCQ5A,4,0%,4,4,4,4,0,0,0,1200
BBNIZPCJ5A,,0%,,,,,0,0,0,0
MBMADRCQ5A,1,0%,1,1,1,1,0,0,0,300
KAQI,70,0%,70,71,71,69,582,67256,469745,145306
MTPS,48,0%,48,52,52,48,47,16291,80905,100073
MCOR,77,0%,77,77,79,76,377,153253,1185594,2890621
BRPTHDCF5A,,0%,,,,,0,0,0,0
PGASZPCJ5A,,0%,,,,,0,0,0,0
XPFT,554,0%,554,554,554,554,0,0,0,336333
ITMGZPCJ6A,65,0%,65,65,65,65,1,100,650,13000
ANTMDRPZ5A,34,0%,34,34,34,32,36,3041,10027,5100
CBRE-W,,0%,,,,,0,0,0,0
MLBI,5850,0%,5850,5900,5900,5850,48,516,303543,12325950
BBCAHDCU5A,2,0%,2,2,2,2,0,0,0,360
GOTODRCN5A,,0%,,,,,0,0,0,0
SMSM,1895,0%,1895,1895,1905,1895,289,3218,610773,10912690
BKSW-R,,0%,,,,,0,0,0,0
CBMF,50,0%,50,50,50,50,0,0,0,93750
SMRA,458,0%,458,458,460,450,1625,189048,8580301,7560924
MTRA,244,0%,244,244,244,244,0,0,0,187880
UNVRHDPG6A,105,0%,105,105,105,105,0,0,0,12600
XPIN,651,0%,651,651,651,651,2,4,260,11393
MDKABQCM5A,,0%,,,,,0,0,0,0
XPID,,0%,,,,,0,0,0,0
SMRU,50,0%,50,50,50,50,0,0,0,624969
AYLS-W,,0%,,,,,0,0,0,0
AKRAZPCG5A,,0%,,,,,0,0,0,0
ICBPBQCM5A,,0%,,,,,0,0,0,0
IATA-W,30,0%,30,30,30,30,2,28,84,82934
MCOR-R,,0%,,,,,0,0,0,0
XPLC,,0%,,,,,0,0,0,0
IATA-R,,0%,,,,,0,0,0,0
SIMA,50,0%,50,50,50,50,0,0,0,22129
AMIN,214,0%,214,216,220,212,181,6114,130831,231120
BBKP-R,,0%,,,,,0,0,0,0
PTBADRCG6A,23,0%,23,23,23,23,1,9,21,4600
BBNIHDCK5A,,0%,,,,,0,0,0,0
DEPO,214,0%,214,216,218,210,80,2918,62317,1453060
SIMP,630,0%,630,635,635,620,1122,70102,4400382,9765825
DAJK,,0%,,,,,0,0,0,0
MTSM,500,0%,500,500,500,500,0,0,0,116424
TLKMBQCM5A,,0%,,,,,0,0,0,0
UNVRBQCQ5A,2,0%,2,2,2,2,0,0,0,180
BIPI-W,,0%,,,,,0,0,0,0
DRMA,990,0%,990,995,995,990,46,458,45489,4658823
CAKK-W,,0%,,,,,0,0,0,0
ASIIZPCX4A,,0%,,,,,0,0,0,0
PTBAZPCJ5A,,0%,,,,,0,0,0,0
JAYA-W,,0%,,,,,0,0,0,0
BRPTBQCJ5A,,0%,,,,,0,0,0,0
INTA-R,,0%,,,,,0,0,0,0
WICO,123,0%,123,123,123,123,0,0,0,294426
INTA-W,,0%,,,,,0,0,0,0
NZIA-W,,0%,,,,,0,0,0,0
SOSS-W,,0%,,,,,0,0,0,0
IRSX-W,,0%,,,,,0,0,0,0
APOL-W2,,0%,,,,,0,0,0,0
MPMX,940,0%,940,940,945,940,595,10014,943234,4123745
BBCAYUCH5A,,0%,,,,,0,0,0,0
ADROYUCZ5A,58,0%,58,58,58,58,0,0,0,11600
SINI,3900,0%,3900,3900,3900,3900,13,182,70980,1875900
TPIA-R,,0%,,,,,0,0,0,0
XPMI,,0%,,,,,0,0,0,0
RSGK,980,0%,980,980,980,980,0,0,0,911082
INDO-W,,0%,,,,,0,0,0,0
CBRE,620,0%,620,620,620,620,0,0,0,2813602
KAYU,18,0%,18,18,18,18,0,0,0,11970
TRIN-W,,0%,,,,,0,0,0,0
MLIA,350,0%,350,350,352,350,154,25885,906020,2315250
BBCADRCH5A,,0%,,,,,0,0,0,0
MYORDRCK6A,58,0%,58,57,58,57,5,22000,126500,5800
BBRIBQCZ4A,,0%,,,,,0,0,0,0
TLKMZPCH5A,,0%,,,,,0,0,0,0
PURE,51,0%,51,51,51,51,0,0,0,70134
BMRIHDCQ5A,2,0%,2,2,2,2,0,0,0,360
ANTMBQCJ5A,,0%,,,,,0,0,0,0
FREN-W,,0%,,,,,0,0,0,0
ACESBQCH5A,,0%,,,,,0,0,0,0
FREN-R,,0%,,,,,0,0,0,0
BBRIBQCZ5A,83,0%,83,83,83,83,0,0,0,6640
AMRTHDCJ6A,25,0%,25,25,25,25,0,0,0,5000
BABP-R,,0%,,,,,0,0,0,0
IMJS-R,,0%,,,,,0,0,0,0
BABP-W,,0%,,,,,0,0,0,0
TUGU,960,0%,960,965,970,955,356,11022,1060520,3413353
EMDE,102,0%,102,102,106,102,349,37854,390968,341700
MDKADRCN5A,,0%,,,,,0,0,0,0
DAYA-R,,0%,,,,,0,0,0,0
BMRIHDCQ7A,89,0%,89,89,89,89,0,0,0,8900
BBRIBQCM5A,,0%,,,,,0,0,0,0
TLKMBQCQ5A,61,0%,61,61,61,61,0,0,0,6100
ASPI-W,,0%,,,,,0,0,0,0
GOTOBQCM5A,,0%,,,,,0,0,0,0
MDKAZPCZ4A,,0%,,,,,0,0,0,0
BUKADRCK6A,14,0%,14,14,14,14,6,1666,2332,7000
AMMNHDCH6A,107,0%,107,107,107,107,0,0,0,32100
BBNIDRPU5A,3,0%,3,3,3,3,0,0,0,510
INCOZPCG5A,,0%,,,,,0,0,0,0
LSIPYUCZ5A,60,0%,60,60,60,60,0,0,0,12000
AMRTDRCN5A,,0%,,,,,0,0,0,0
ROCK,795,0%,795,795,795,795,8,27,2147,1140972
CPINZPCF5A,,0%,,,,,0,0,0,0
GOTOM,68,0%,68,68,68,68,0,0,0,3438878
JKSW,,0%,,,,,0,0,0,0
INCOZPCX5A,150,0%,150,150,150,150,0,0,0,30000
KLBFDRCQ5A,14,0%,14,14,14,14,0,0,0,1400
ITMA-R,,0%,,,,,0,0,0,0
ASIIZPCK5A,,0%,,,,,0,0,0,0
ACESZPCH5A,,0%,,,,,0,0,0,0
ITMA-W,,0%,,,,,0,0,0,0
PGEODRCN5A,,0%,,,,,0,0,0,0
TYRE,128,0%,128,130,130,126,27,4794,60987,445514
HITS,116,0%,116,116,116,116,0,0,0,823726
XPSG,381,0%,381,381,381,381,0,0,0,991
MDKABQCZ4A,,0%,,,,,0,0,0,0
GOTOZPCM5A,,0%,,,,,0,0,0,0
WMPP,12,0%,12,12,12,12,0,0,0,353028
LEAD,82,0%,82,82,83,79,642,185537,1499693,475569
BEKS-R,,0%,,,,,0,0,0,0
WIKA,204,0%,204,204,204,204,0,0,0,8134105
ERAAZPCH6A,22,0%,22,22,22,22,0,0,0,4400
INCODRCH5A,,0%,,,,,0,0,0,0
CGAS,154,0%,154,155,155,151,553,48510,739148,272811
BM05,,0%,,,,,0,0,0,0
JPFADRCJ6A,64,0%,64,66,66,64,2,1739,11130,19200
PWONHDCZ5A,101,0%,101,101,101,101,0,0,0,15150
KLBFHDCQ5A,3,0%,3,3,3,3,0,0,0,450
ANTMHDCK5A,,0%,,,,,0,0,0,0
LMSH,256,0%,256,256,256,256,0,0,0,24576
BM10,,0%,,,,,0,0,0,0
AKRABQCX5B,41,0%,41,41,41,41,0,0,0,4510
BBNIHDPU5A,111,0%,111,111,111,111,0,0,0,11100
UNVRZPCH6A,45,0%,45,45,45,45,0,0,0,9000
HERO,400,0%,400,400,400,400,0,0,0,1673454
SRIL,146,0%,146,146,146,146,0,0,0,2986018
RBMS,45,0%,45,45,45,45,56,7033,31649,119530
HDFA-R,,0%,,,,,0,0,0,0
UCID,440,0%,440,440,440,438,162,7768,341744,1828892
AKRADRCJ5A,,0%,,,,,0,0,0,0
SILO-R,,0%,,,,,0,0,0,0
GOTOZPCZ4A,,0%,,,,,0,0,0,0
PMJS,118,0%,118,118,119,116,30,1754,20553,1623161
BLTA,38,0%,38,38,38,38,191,57248,217542,985727
REAL-W,,0%,,,,,0,0,0,0
LION,840,0%,840,840,840,840,0,0,0,436934
PMMP,50,0%,50,50,50,50,0,0,0,129415
HELI-W,,0%,,,,,0,0,0,0
GOLL,50,0%,50,50,50,50,0,0,0,183250
ADROHDCN5A,,0%,,,,,0,0,0,0
TDPM,119,0%,119,119,119,119,0,0,0,1247721
LABA,358,0%,358,358,358,358,0,0,0,395018
BIPP-W,,0%,,,,,0,0,0,0
COWL,50,0%,50,50,50,50,0,0,0,243561
TLKMBQCV5A,104,0%,104,104,104,104,0,0,0,4160
TURI,,0%,,,,,0,0,0,0
CTBN,5100,0%,5100,5100,5100,5100,1,10,5100,4081895
ERAABQCZ5A,24,0%,24,24,24,24,0,0,0,1920
DWGL-W,,0%,,,,,0,0,0,0
UNVRDRCN5A,,0%,,,,,0,0,0,0
PTBADRCN5A,,0%,,,,,0,0,0,0
KLBFZPCM5A,,0%,,,,,0,0,0,0
UNTRYUCF5A,,0%,,,,,0,0,0,0
CKRA,,0%,,,,,0,0,0,0
BMRIDRCQ5A,1,0%,1,1,1,1,0,0,0,100
DWGL,374,0%,374,374,440,318,4825,250099,9117270,3460555
ASIIDRCX5A,130,0%,130,130,130,130,0,0,0,26000
ESIP-W,,0%,,,,,0,0,0,0
SMGRDRCN5A,,0%,,,,,0,0,0,0
ASIIDRCX6A,3670,0%,3670,3670,3670,3670,0,0,0,44040
DEAL-W,,0%,,,,,0,0,0,0
SMGRHDCM5A,,0%,,,,,0,0,0,0
SRAJ-R,,0%,,,,,0,0,0,0
BBNIDRCX6A,2600,0%,2600,2600,2600,2600,0,0,0,31200
MDIA,42,0%,42,42,42,42,66,14161,59476,1647053
MYRX,,0%,,,,,0,0,0,0
BMRIBQCJ5A,,0%,,,,,0,0,0,0
RONY,2990,0%,2990,2990,2990,2990,0,0,0,3737500
INCOZPCF5A,,0%,,,,,0,0,0,0
SMGRZPCG5A,,0%,,,,,0,0,0,0
WINR-W,,0%,,,,,0,0,0,0
MEDCDRCJ5A,,0%,,,,,0,0,0,0
RGAS,101,0%,101,102,104,99,1242,189621,1911341,147383
KLBFBQCM5A,,0%,,,,,0,0,0,0
KBLV,304,0%,304,304,304,304,0,0,0,529619
TOWR-R,,0%,,,,,0,0,0,0
BBCAHDCQ5A,2,0%,2,2,2,2,0,0,0,240
BRPTZPCF5A,,0%,,,,,0,0,0,0
AKRADRCN5A,,0%,,,,,0,0,0,0
ANTMDRCH5A,,0%,,,,,0,0,0,0
CMRYZPCJ6A,39,0%,39,39,39,39,0,0,0,7800
INKPZPCX4A,,0%,,,,,0,0,0,0
MYTX,36,0%,36,36,36,36,0,0,0,278902
BBRIDRCJ5A,,0%,,,,,0,0,0,0
BRMSHDCZ5A,216,0%,216,216,216,216,0,0,0,38880
MDIY,1070,0%,1070,1070,1100,1050,340,11057,1196521,26953719
ACRO-W,11,0%,11,11,12,11,81,50723,55937,2543
BBRIZPCH6A,95,0%,95,95,95,95,0,0,0,19000
BBNIBQCM5A,,0%,,,,,0,0,0,0
ARTOYUCM5A,,0%,,,,,0,0,0,0
SMGRHDCZ5A,105,0%,105,105,105,105,0,0,0,12600
GOTO,57,0%,57,56,57,56,5940,3826671,21607315,65012676
MAYA-R,,0%,,,,,0,0,0,0
BBRIZPCH5A,,0%,,,,,0,0,0,0
SDPC-R,,0%,,,,,0,0,0,0
ROTI,795,0%,795,795,800,790,179,3298,262554,4918259
PTBAYUCH5A,,0%,,,,,0,0,0,0
SATU,248,0%,248,248,248,246,349,10674,262607,341000
ANDI,34,0%,34,34,34,34,360,78740,267716,317900
SBAT-W,,0%,,,,,0,0,0,0
PTBADRCJ5A,,0%,,,,,0,0,0,0
PGASZPCX4A,,0%,,,,,0,0,0,0
SMGRBQCX5B,73,0%,73,73,73,73,0,0,0,5840
BRPTBQCV5A,304,0%,304,304,304,304,0,0,0,30400
TAPGHDCH6A,204,0%,204,204,204,204,0,0,0,30600
ARMY,50,0%,50,50,50,50,0,0,0,450313
PIPA,216,0%,216,216,216,216,0,0,0,740037
PRAS,,0%,,,,,0,0,0,0
GOLL-W,,0%,,,,,0,0,0,0
BBRIBQCG5A,,0%,,,,,0,0,0,0
YPAS,354,0%,354,354,354,354,0,0,0,236472
BMRIZPCF5A,,0%,,,,,0,0,0,0
SMGRDRCJ5A,,0%,,,,,0,0,0,0
KOIN,72,0%,72,72,72,72,9,164,1181,70621
ACESBQCM5A,,0%,,,,,0,0,0,0
SWAT,16,0%,16,16,16,16,0,0,0,48307
DSFI,89,0%,89,89,92,87,1146,160955,1435971,165285
TKIMZPCK6A,34,0%,34,34,34,34,0,0,0,23800
KLBFBQCZ4A,,0%,,,,,0,0,0,0
ARNA,550,0%,550,550,555,545,260,30275,1674345,4037787
TLKMBQCZ4A,,0%,,,,,0,0,0,0
CGAS-W,,0%,,,,,0,0,0,0
INTPZPCG6A,78,0%,78,78,78,78,0,0,0,15600
BBNIBQCZ4A,,0%,,,,,0,0,0,0
UNTRZPCJ6A,155,0%,155,155,155,155,0,0,0,31000
LAND,45,0%,45,45,45,45,140,31750,142875,125668
INCODRCQ5A,4,0%,4,4,4,4,0,0,0,800
FILM-R,,0%,,,,,0,0,0,0
UNTRZPCJ5A,,0%,,,,,0,0,0,0
BMRIHDCU5A,18,0%,18,18,18,18,0,0,0,1800
AHAP-R,,0%,,,,,0,0,0,0
MAPIDRCQ5A,3,0%,3,3,3,3,0,0,0,300
WAPO-R,,0%,,,,,0,0,0,0
KBRI,50,0%,50,50,50,50,0,0,0,434400
KLBFZPCZ4A,,0%,,,,,0,0,0,0
LAMI,,0%,,,,,0,0,0,0
MIKAZPCG6A,24,0%,24,24,24,24,0,0,0,4800
MEDCDRCN5A,,0%,,,,,0,0,0,0
SMGRZPCK5A,,0%,,,,,0,0,0,0
ADROYUCM5A,,0%,,,,,0,0,0,0
PNLFHDCZ5A,50,0%,50,50,50,50,0,0,0,12500
CPGT,,0%,,,,,0,0,0,0
ADRODRCJ6A,49,0%,49,50,50,49,2,202,1000,9800
CPINZPCK5A,,0%,,,,,0,0,0,0
POSA-W,,0%,,,,,0,0,0,0
TMPI,,0%,,,,,0,0,0,0
GOTOHDCK5A,,0%,,,,,0,0,0,0
MAMI-P1,,0%,,,,,0,0,0,0
MBMAHDCQ5A,1,0%,1,1,1,1,0,0,0,500
UNVRZPCK5A,,0%,,,,,0,0,0,0
JPRS,,0%,,,,,0,0,0,0
ITMGZPCX4A,,0%,,,,,0,0,0,0
ANJT,1790,0%,1790,1790,1800,1790,132,4597,823829,6003973
CTRAYUCZ5A,56,0%,56,56,56,56,0,0,0,11200
MEDCHDCQ5A,31,0%,31,31,31,31,0,0,0,7130
SOFA-W,,0%,,,,,0,0,0,0
MSKY-R,,0%,,,,,0,0,0,0
BUMI-R,,0%,,,,,0,0,0,0
SMKL-W,,0%,,,,,0,0,0,0
PTBAZPCK5A,,0%,,,,,0,0,0,0
BUKADRCH5A,,0%,,,,,0,0,0,0
KLBFBQCH5A,,0%,,,,,0,0,0,0
BBNIBQCH5A,,0%,,,,,0,0,0,0
BRPT-R,,0%,,,,,0,0,0,0
ADROHDCF5A,,0%,,,,,0,0,0,0
BRPT-W,,0%,,,,,0,0,0,0
ARTODRCJ5A,,0%,,,,,0,0,0,0
APIC-W,,0%,,,,,0,0,0,0
CTRS,,0%,,,,,0,0,0,0
CTRP,,0%,,,,,0,0,0,0
ARTI,2,0%,2,2,2,2,0,0,0,15680
SMRAZPCH6A,57,0%,57,57,57,57,0,0,0,11400
MDKAYUCQ5A,111,0%,111,111,111,111,0,0,0,27750
BRPTBQCZ5A,700,0%,700,700,700,700,0,0,0,21000
PTPP-R,,0%,,,,,0,0,0,0
MYTX-R,,0%,,,,,0,0,0,0
HBAT,240,0%,240,264,264,240,196,41188,1024608,249778
ARTOHDCF5A,,0%,,,,,0,0,0,0
ANTMHDCH6B,157,0%,157,157,157,157,0,0,0,25120
MEDCZPCK5A,,0%,,,,,0,0,0,0
KPAL-W,,0%,,,,,0,0,0,0
URBN-W,,0%,,,,,0,0,0,0
AVIAZPCJ6A,19,0%,19,19,19,19,0,0,0,3800
BRPTBQCZ4A,,0%,,,,,0,0,0,0
INKPZPCF5A,,0%,,,,,0,0,0,0
IIKP,50,0%,50,50,50,50,0,0,0,1680000
ARTOBQCX5B,112,0%,112,112,112,112,0,0,0,8960
UNVRHDCQ5A,268,0%,268,268,268,268,0,0,0,38860
TECH,50,0%,50,50,50,50,0,0,0,62815
XMGB,1121,0%,1121,1121,1121,1121,0,0,0,122189
CTTH,42,0%,42,42,42,42,21,2057,8639,51695
INKPZPCF6A,106,0%,106,106,106,106,0,0,0,21200
DOID,362,0%,362,362,368,360,524,49002,1784559,2769665
SOTS-W,,0%,,,,,0,0,0,0
MAPIHDCK6A,76,0%,76,76,76,76,0,0,0,11400
TLKMDRCQ5A,76,0%,76,76,76,76,0,0,0,22800
TLKMDRCQ5B,154,0%,154,154,154,154,0,0,0,30800
INKPDRCN5A,,0%,,,,,0,0,0,0
HEALBQCZ5A,42,0%,42,42,42,42,0,0,0,5040
ANTMBQCZ5A,825,0%,825,825,825,825,0,0,0,33000
XMJM,,0%,,,,,0,0,0,0
ISEA-W,,0%,,,,,0,0,0,0
UNTRBQCV5A,121,0%,121,121,121,121,0,0,0,9680
MICE,488,0%,488,494,496,488,19,378,18565,292800
ROTI-R,,0%,,,,,0,0,0,0
INDFZPCK5A,,0%,,,,,0,0,0,0
PGASDRCN5A,,0%,,,,,0,0,0,0
SBAT,1,0%,1,1,1,1,0,0,0,4753
PEGE-R,,0%,,,,,0,0,0,0
INDFHDCQ5A,24,0%,24,24,24,24,0,0,0,4800
XMIG,218,0%,218,218,218,218,0,0,0,4447
PTBAZPCX4A,,0%,,,,,0,0,0,0
ARTOBQCG5A,,0%,,,,,0,0,0,0
TRIN-W2,3,0%,3,3,3,3,0,0,0,440
BMRIDRPN5A,,0%,,,,,0,0,0,0
XMLF,885,0%,885,885,885,885,0,0,0,11063
TRAM,50,0%,50,50,50,50,0,0,0,2482181
MDKAHDCK5A,,0%,,,,,0,0,0,0
AGRO-R,,0%,,,,,0,0,0,0
AGRO-W,,0%,,,,,0,0,0,0
BBRIHDCQ7A,94,0%,94,94,94,94,0,0,0,9400
UNVRZPCG5A,,0%,,,,,0,0,0,0
TYRE-W,,0%,,,,,0,0,0,0
BBNP-R,,0%,,,,,0,0,0,0
PGEOBQCH5A,,0%,,,,,0,0,0,0
ASIIDRPQ5A,2,0%,2,2,2,2,0,0,0,160
CENT-R,,0%,,,,,0,0,0,0
ANTMBQCZ4A,,0%,,,,,0,0,0,0
NUSA-W,,0%,,,,,0,0,0,0
INCOBQCF6A,85,0%,85,85,85,85,0,0,0,9350
BACA-W,,0%,,,,,0,0,0,0
UNTRDRCQ5A,12,0%,12,12,12,12,0,0,0,1200
PTBAHDCQ5A,7,0%,7,7,7,7,0,0,0,840
BRPTBQCM5A,,0%,,,,,0,0,0,0
PNGO,2370,0%,2370,2370,2370,2370,7,24,5688,1851563
ADROBQCG5A,,0%,,,,,0,0,0,0
TIRT,44,0%,44,44,44,44,0,0,0,44518
PANR,710,0%,710,720,720,700,369,33441,2368314,985125
BBCAYUCX4A,,0%,,,,,0,0,0,0
CPINDRCQ5A,1,0%,1,1,1,1,0,0,0,200
ALTO-W,,0%,,,,,0,0,0,0
CPRI,50,0%,50,50,50,50,0,0,0,121669
UNVRDRCJ5A,,0%,,,,,0,0,0,0
BAIK-W,12,0%,12,12,12,11,63,55529,63349,2700
ZBRA,50,0%,50,50,50,50,0,0,0,125535
JPFAHDCZ5A,210,0%,210,210,210,210,0,0,0,21000
SDRA-R,,0%,,,,,0,0,0,0
XIHD,634,0%,634,634,634,634,0,0,0,77792
SOBI,,0%,,,,,0,0,0,0
PNIN,825,0%,825,825,835,825,104,6870,569041,3356367
TELE,9,0%,9,9,9,9,0,0,0,65798
MBMAZPCK6A,24,0%,24,24,24,24,3,135,324,16800
DSNGDRCK6A,82,0%,82,82,82,82,0,0,0,16400
ANTMBQCM5A,,0%,,,,,0,0,0,0
ADROHDPH6A,132,0%,132,132,132,132,0,0,0,13200
MEDCZPCG5A,,0%,,,,,0,0,0,0
ADROBQCG6A,59,0%,59,59,59,59,0,0,0,5900
INDFZPCX4A,,0%,,,,,0,0,0,0
BACA-W2,,0%,,,,,0,0,0,0
MAPIZPCJ5A,,0%,,,,,0,0,0,0
BIKA,55,0%,55,55,55,55,0,0,0,32575
BEBS,5,0%,5,5,5,5,0,0,0,225000
CHEK,204,0%,204,204,208,202,536,124751,2552220,839120
XIJI,634,0%,634,636,636,630,7,55,3485,10017
CPINHDCQ5A,3,0%,3,3,3,3,0,0,0,450
BBRIHDCM5A,,0%,,,,,0,0,0,0
EAST,94,0%,94,94,94,93,185,5964,55788,387882
PNLF,250,0%,250,252,252,248,1055,218693,5471236,8005518
BBRIHDCM5B,,0%,,,,,0,0,0,0
UNVRBQCG5A,,0%,,,,,0,0,0,0
XIIC,860,0%,860,860,860,860,0,0,0,17888
MAPIZPCJ6A,55,0%,55,56,56,55,2,113,622,11000
XIID,481,0%,481,481,481,481,0,0,0,10245
BAP-W1019,,0%,,,,,0,0,0,0
BBRIYUCM5A,,0%,,,,,0,0,0,0
WIKA-R,,0%,,,,,0,0,0,0
CASA-W,,0%,,,,,0,0,0,0
INCOZPCJ5A,,0%,,,,,0,0,0,0
CASA-R,,0%,,,,,0,0,0,0
RAJAZPCK6A,45,0%,45,45,45,45,0,0,0,31500
TRIO,426,0%,426,426,426,426,0,0,0,11079193
INDFBQCH5A,,0%,,,,,0,0,0,0
BIMA,87,0%,87,87,87,87,21,659,5733,52911
INCODRCN5A,,0%,,,,,0,0,0,0
MDKAYUCH5A,,0%,,,,,0,0,0,0
TRIL,50,0%,50,50,50,50,0,0,0,60000
AMRTZPCX5A,39,0%,39,39,39,39,0,0,0,7800
XILV,117,0%,117,135,135,104,10,28,338,2328
CPINDRCN5A,,0%,,,,,0,0,0,0
VRNA-R,,0%,,,,,0,0,0,0
SMRAHDCZ5A,162,0%,162,162,162,162,0,0,0,24300
XMTS,,0%,,,,,0,0,0,0
ANTMHDCQ5A,346,0%,346,346,346,346,0,0,0,51900
INCOHDCK5A,,0%,,,,,0,0,0,0
XMSK,393,0%,393,393,393,393,0,0,0,62408
MGNA-W,38,0%,38,38,38,38,9,277,1053,13067
AMRTHDCQ5A,1,0%,1,1,1,1,0,0,0,210
INAF,126,0%,126,126,126,126,0,0,0,390508
GOTOZPCJ5A,,0%,,,,,0,0,0,0
SCMADRCK6A,89,0%,89,89,89,89,0,0,0,17800
AMRTZPCG5A,,0%,,,,,0,0,0,0
ESSA-R,,0%,,,,,0,0,0,0
BNII-R,,0%,,,,,0,0,0,0
ABDA,2970,0%,2970,2970,2970,2970,8,10,2970,1843796
ANTMZPCX5A,300,0%,300,300,300,300,0,0,0,60000
BRPTBQCQ5A,590,0%,590,590,590,590,0,0,0,35400
INKPDRCH5A,,0%,,,,,0,0,0,0
BMRIHDCK5A,,0%,,,,,0,0,0,0
BINO,131,0%,131,134,134,128,79,2636,34307,298066
INCOBQCZ4A,,0%,,,,,0,0,0,0
BEEF-W,,0%,,,,,0,0,0,0
ANTMZPCX4A,,0%,,,,,0,0,0,0
PGASDRCH5A,,0%,,,,,0,0,0,0
ARTOBQCM5A,,0%,,,,,0,0,0,0
SMGRDRCQ5A,1,0%,1,1,1,1,0,0,0,200
INCI,605,0%,605,605,610,595,22,399,24033,125632
MINA,160,0%,160,158,165,158,2777,600003,9657418,1575000
KPAL,,0%,,,,,0,0,0,0
KPAS,,0%,,,,,0,0,0,0
TLKMYUCX4A,,0%,,,,,0,0,0,0
BSWD-R,,0%,,,,,0,0,0,0
MAMIP,,0%,,,,,0,0,0,0
GJTLZPCJ6A,23,0%,23,23,23,23,0,0,0,4600
TALF,376,0%,376,380,380,360,30,907,33207,508892
MEDCDRPM5A,,0%,,,,,0,0,0,0
ASGR,1255,0%,1255,1250,1260,1245,187,1956,245535,1692720
MREI-R,,0%,,,,,0,0,0,0
XIPB,201,0%,201,201,201,201,0,0,0,25869
ANTMZPCK5A,,0%,,,,,0,0,0,0
BRISZPCG6A,46,0%,46,46,46,46,0,0,0,9200
BBCABQCH5A,,0%,,,,,0,0,0,0
KLBFYUCF5A,,0%,,,,,0,0,0,0
BRPTHDCQ5A,278,0%,278,278,278,278,0,0,0,69500
MEDCHDCH6A,95,0%,95,97,97,95,2,22,213,15200
TRON-W,,0%,,,,,0,0,0,0
BBNIDRCH5A,,0%,,,,,0,0,0,0
JPFAZPCG6A,95,0%,95,95,95,95,0,0,0,19000
UNTRZPCM5A,,0%,,,,,0,0,0,0
BRAU,,0%,,,,,0,0,0,0
INPC-R,,0%,,,,,0,0,0,0
INPC-W,,0%,,,,,0,0,0,0
PGEOZPCG5A,,0%,,,,,0,0,0,0
TLKMDRCX6A,1980,0%,1980,1980,1980,1980,0,0,0,43560
MDKABQCG5A,,0%,,,,,0,0,0,0
PTBADRCQ5A,11,0%,11,11,11,11,0,0,0,2200
BACA,138,0%,138,139,140,138,104,15061,209179,2725982
ARTOHDCM5A,,0%,,,,,0,0,0,0
TOSK-W,,0%,,,,,0,0,0,0
CCSI-R,,0%,,,,,0,0,0,0
BMRIBQCZ4A,,0%,,,,,0,0,0,0
BBRIHDCQ5A,5,0%,5,5,5,5,0,0,0,500
ACESZPCJ5A,,0%,,,,,0,0,0,0
INDFHDCJ6A,31,0%,31,31,31,31,0,0,0,6200
IKAI-R,,0%,,,,,0,0,0,0
PGEOZPCX4A,,0%,,,,,0,0,0,0
KPAS-W,,0%,,,,,0,0,0,0
ASIIYUCF5A,,0%,,,,,0,0,0,0
BOGA-W,,0%,,,,,0,0,0,0
UNTRBQCM5A,,0%,,,,,0,0,0,0
MABA,50,0%,50,50,50,50,0,0,0,768261
BMRIBQCZ5A,21,0%,21,20,21,20,5,1350,2730,840
AKKU-R,,0%,,,,,0,0,0,0
MDKABQCX5B,42,0%,42,42,42,42,0,0,0,3780
TRON,91,0%,91,91,93,90,306,36575,333465,268571
HOME,50,0%,50,50,50,50,0,0,0,1110610
INKPZPCH5A,,0%,,,,,0,0,0,0
BAP-W0717,,0%,,,,,0,0,0,0
ENVY,50,0%,50,50,50,50,0,0,0,90000
INCOBQCM5A,,0%,,,,,0,0,0,0
BBNIZPCH6A,101,0%,101,101,101,101,0,0,0,20200
CPINDRCJ5A,,0%,,,,,0,0,0,0
BUKAZPCX4A,,0%,,,,,0,0,0,0
PTBAYUCZ5A,87,0%,87,87,87,87,1,2,17,17400
CPINBQCM5A,,0%,,,,,0,0,0,0
OCAP,159,0%,159,159,159,159,0,0,0,43439
XISC,772,0%,772,772,772,772,0,0,0,691558
XISB,536,0%,536,536,536,536,0,0,0,32374
MREI,970,0%,970,970,970,950,30,608,58672,502258
XISI,347,0%,347,347,347,347,0,0,0,55208
ASLI,50,0%,50,50,50,50,0,0,0,312500
BBNIZPCH5A,,0%,,,,,0,0,0,0
BBRIHDCH6A,134,0%,134,134,134,134,0,0,0,16080
BBCAZPCH5A,,0%,,,,,0,0,0,0
BBRIZPCX5A,86,0%,86,86,86,86,0,0,0,17200
XISR,447,0%,447,447,447,447,0,0,0,1207481
BRPTHDCH6A,157,0%,157,157,157,157,0,0,0,28260
BRPTHDCH6B,127,0%,127,127,127,127,0,0,0,20320
BKSL-R,,0%,,,,,0,0,0,0
BRRC-W,14,0%,14,15,15,14,103,119292,171677,2040
BRPTZPCG5A,,0%,,,,,0,0,0,0
ELSADRCJ6A,36,0%,36,36,36,36,1,3,11,14400
BKSL-W,,0%,,,,,0,0,0,0
XAFA,,0%,,,,,0,0,0,0
MAPIHDCQ5A,4,0%,4,4,4,4,0,0,0,800
AMRTZPCK6A,29,0%,29,29,29,29,0,0,0,20300
INDFZPCM5A,,0%,,,,,0,0,0,0
HUMI-W,23,0%,23,24,24,23,144,99886,233899,31127
MAGP,50,0%,50,50,50,50,0,0,0,450000
VINS-W,,0%,,,,,0,0,0,0
SMGRBQCH5A,,0%,,,,,0,0,0,0
PGASZPCH5A,,0%,,,,,0,0,0,0
JSMRZPCG6A,39,0%,39,39,39,39,0,0,0,7800
WSKT,202,0%,202,202,202,202,0,0,0,5818975
NATO-W,,0%,,,,,0,0,0,0
KLAS,134,0%,134,134,136,132,169,53512,716710,488352
TOWRHDCK6A,36,0%,36,36,36,36,0,0,0,9000
INDFDRCQ5A,15,0%,15,15,15,15,0,0,0,3000
PGASBQCG5A,,0%,,,,,0,0,0,0
KDTN-W,,0%,,,,,0,0,0,0
ARTODRCN5A,,0%,,,,,0,0,0,0
FIMP,69,0%,69,69,69,69,0,0,0,27600
SMIL-W,,0%,,,,,0,0,0,0
LPCK-R,,0%,,,,,0,0,0,0
MEJA-W,29,0%,29,29,32,28,328,236531,706809,13920
TRAM-W,,0%,,,,,0,0,0,0
BRPTZPCX4A,,0%,,,,,0,0,0,0
TRAM-R,,0%,,,,,0,0,0,0
ICBPDRCQ5A,1,0%,1,1,1,1,0,0,0,150
HOTL,50,0%,50,50,50,50,0,0,0,177500
FILM,4840,0%,4840,4840,4840,4840,0,0,0,52695823
TRUB,,0%,,,,,0,0,0,0
TELE-W,,0%,,,,,0,0,0,0
TRUK,352,0%,352,354,416,326,2063,100984,3669327,153120
BRPTZPCX5A,294,0%,294,294,294,294,0,0,0,58800
ASPI,530,0%,530,530,530,530,0,0,0,361366
UNTRBQCZ4A,,0%,,,,,0,0,0,0
YULE,2700,0%,2700,2700,2700,2700,1,486,131220,4819500
KLBFZPCJ6A,24,0%,24,24,24,24,0,0,0,4800
DCII,305775,0%,305775,305775,305775,305775,6,6,183465,728889903
BBRIDRCX6A,2400,0%,2400,2400,2400,2400,0,0,0,26400
HKMU,50,0%,50,50,50,50,0,0,0,161088
SINI-W,,0%,,,,,0,0,0,0
PGEOHDCQ5A,88,0%,88,88,88,88,0,0,0,26400
SOUL,80,0%,80,80,85,76,268,18419,147845,86602
MINA-R,,0%,,,,,0,0,0,0
BATR-W,,0%,,,,,0,0,0,0
FINN,,0%,,,,,0,0,0,0
MNCN,264,0%,264,264,264,262,212,13679,359541,3973144
PSDN,103,0%,103,103,105,100,346,45141,459993,148320
UNTRZPCZ4A,,0%,,,,,0,0,0,0
ARTOHDCZ5A,140,0%,140,140,140,140,0,0,0,25200
MERK,2800,0%,2800,2800,2820,2790,23,96,26875,1254400
SOTS,505,0%,505,505,505,505,0,0,0,505002
ACESHDCK5A,,0%,,,,,0,0,0,0
AKRABQCM5A,,0%,,,,,0,0,0,0
BRPTDRCM5A,,0%,,,,,0,0,0,0
ICBPZPCX5A,27,0%,27,27,27,27,0,0,0,5400
SFAN-W,,0%,,,,,0,0,0,0
MAMI,,0%,,,,,0,0,0,0
ICBPZPCX4A,,0%,,,,,0,0,0,0
BRISYUCV5A,52,0%,52,52,52,52,0,0,0,13000
ISATHDCQ5A,27,0%,27,27,27,27,0,0,0,4374
META,238,0%,238,238,238,238,0,0,0,4215149
BANK,810,0%,810,815,815,805,578,26211,2128243,11843774
UNTRBQCH5A,,0%,,,,,0,0,0,0
BMRIDRCX6A,2170,0%,2170,2170,2170,2170,0,0,0,17360
HEALYUCZ5A,74,0%,74,74,74,74,0,0,0,14800
CASH-W,,0%,,,,,0,0,0,0
BNGADRCK6A,66,0%,66,66,66,66,0,0,0,6600
BPFI-R,,0%,,,,,0,0,0,0
DEFI-R,,0%,,,,,0,0,0,0
PGASHDCM5A,,0%,,,,,0,0,0,0
TLKMZPCF6A,110,0%,110,110,110,110,0,0,0,22000
ADMRZPCH6A,50,0%,50,50,50,50,1,3000,15000,10000
ASIIBQCM5A,,0%,,,,,0,0,0,0
FREN,,0%,,,,,0,0,0,0
ITMGZPCH5A,,0%,,,,,0,0,0,0
UNVRDRCG6A,43,0%,43,44,44,43,2,76,327,12900
FUTR-W,,0%,,,,,0,0,0,0
PPGL-W,,0%,,,,,0,0,0,0
BAPA,83,0%,83,83,89,82,1622,192636,1644325,54928
NUSA,50,0%,50,50,50,50,0,0,0,385000
FISH,1035,0%,1035,1035,1035,1035,0,0,0,4968000
TFCO,498,0%,498,498,498,498,0,0,0,2401892
MDKAZPCG5A,,0%,,,,,0,0,0,0
INVS,,0%,,,,,0,0,0,0
ITMGBQCM5A,,0%,,,,,0,0,0,0
BBCAZPCZ4A,,0%,,,,,0,0,0,0
RUIS,199,0%,199,199,200,198,118,6350,126411,153230
DGWG,408,0%,408,408,410,406,786,35760,1459351,2400000
XAQA,1040,0%,1040,1040,1040,1040,0,0,0,208
BRMSHDCH6A,122,0%,122,124,124,122,5,40,492,29280
GHON,1635,0%,1635,1640,1640,1635,9,11,1800,899250
BRPTYUCZ5A,112,0%,112,112,112,112,0,0,0,22400
FITT,835,0%,835,835,835,835,0,0,0,1089067
BMRIHDPU5A,146,0%,146,146,146,146,0,0,0,14600
BBYB-R,,0%,,,,,0,0,0,0
BBHI-R,,0%,,,,,0,0,0,0
PBID,490,0%,490,490,490,486,96,3390,165720,3675000
YULE-R,,0%,,,,,0,0,0,0
BMRIZPCJ5A,,0%,,,,,0,0,0,0
BBNIBQCG6A,68,0%,68,68,68,68,0,0,0,6800
SCBD,,0%,,,,,0,0,0,0
BBYB-W,,0%,,,,,0,0,0,0
PNLFDRCJ6A,14,0%,14,14,14,14,1,357,500,7000
MABA-R,,0%,,,,,0,0,0,0
MASA,6200,0%,6200,6200,6200,6200,0,0,0,56934271
RGAS-W,,0%,,,,,0,0,0,0
ICBPZPCK5A,,0%,,,,,0,0,0,0
CPRI-W,,0%,,,,,0,0,0,0
XASG,,0%,,,,,0,0,0,0
PGEODRCH5A,,0%,,,,,0,0,0,0
BMRIYUCX4A,,0%,,,,,0,0,0,0
MEDCDRPV5A,18,0%,18,18,18,17,3,1232,2210,2700
BBCAHDCF5A,,0%,,,,,0,0,0,0
BBRIDRPN5A,,0%,,,,,0,0,0,0
BATR,110,0%,110,111,113,107,341,35995,394677,332754
ICBPHDCQ5A,2,0%,2,2,2,2,0,0,0,240
BBNIYUCM5A,,0%,,,,,0,0,0,0
CITY-W,,0%,,,,,0,0,0,0
UNTRDRCN5A,,0%,,,,,0,0,0,0
JECC,1095,0%,1095,1095,1130,1095,34,159,17543,827820
BAUT,39,0%,39,39,39,39,183,155970,608283,187207
ASIIZPCZ4A,,0%,,,,,0,0,0,0
AKKU,27,0%,27,27,27,27,0,0,0,174136
SCMABQCZ5A,129,0%,129,129,129,129,0,0,0,21930
BRPTDRCQ5A,260,0%,260,260,260,260,0,0,0,104000
PTBAZPCH5A,,0%,,,,,0,0,0,0
INKPHDCQ5A,20,0%,20,20,20,20,0,0,0,4000
MCOR-W2,,0%,,,,,0,0,0,0
ATLA-W,,0%,,,,,0,0,0,0
MMIX-W,,0%,,,,,0,0,0,0
BBNIHDCQ7A,92,0%,92,92,92,92,0,0,0,9200
BRISHDCZ5A,100,0%,100,100,100,100,0,0,0,12000
MAXI-W,,0%,,,,,0,0,0,0
PGASYUCQ5A,79,0%,79,79,79,79,0,0,0,19750
TARA-W,,0%,,,,,0,0,0,0
ANTMDRCQ5A,242,0%,242,242,242,242,0,0,0,48400
PGASHDCQ5A,45,0%,45,45,45,45,0,0,0,6750
SKYB,51,0%,51,51,51,51,0,0,0,29835
MYORZPCH6A,32,0%,32,32,32,32,0,0,0,6400
MEDC-R,,0%,,,,,0,0,0,0
BUKAHDCZ5A,98,0%,98,98,98,98,0,0,0,19600
BBNIDRCQ5A,2,0%,2,2,2,2,0,0,0,300
ASIIBQCZ5A,134,0%,134,134,134,134,0,0,0,4020
ISEA,98,0%,98,98,103,95,1133,99969,990840,136221
EKAD,189,0%,189,189,189,187,41,307,5750,660342
VAST-W,14,0%,14,14,14,13,13,6494,9091,1820
MEDC-W,,0%,,,,,0,0,0,0
BSIM-W3,,0%,,,,,0,0,0,0
BSIM-W2,,0%,,,,,0,0,0,0
UNVRYUCX4A,,0%,,,,,0,0,0,0
TKIM-W,,0%,,,,,0,0,0,0
ASIIBQCZ4A,,0%,,,,,0,0,0,0
AXIO,129,0%,129,129,130,127,105,3700,47456,753376
ENRGBQCZ5A,34,0%,34,34,34,34,0,0,0,6120
BRMSZPCG6A,108,0%,108,108,108,108,0,0,0,21600
INKPDRCQ5A,57,0%,57,57,57,57,0,0,0,5700
BRPTHDCM5A,,0%,,,,,0,0,0,0
BRPTHDCM5B,,0%,,,,,0,0,0,0
POLL,112,0%,112,112,112,112,0,0,0,931708
RMBA,,0%,,,,,0,0,0,0
DYAN,89,0%,89,89,89,88,84,5168,45564,380294
MAXI,59,0%,59,60,60,58,521,148268,865259,566996
RBMS-R,,0%,,,,,0,0,0,0
BBCABQCM5A,,0%,,,,,0,0,0,0
EXCLZPCF6A,65,0%,65,65,65,65,0,0,0,13000
HEALZPCH6A,67,0%,67,67,67,67,0,0,0,13400
MBMAZPCJ5A,,0%,,,,,0,0,0,0
BINA-R,,0%,,,,,0,0,0,0
BUMI-R2,,0%,,,,,0,0,0,0
AKPI,560,0%,560,560,560,555,19,340,18889,342859
PGASDRCQ5A,17,0%,17,17,17,17,0,0,0,5100
BBNIHDCQ5A,20,0%,20,20,20,20,0,0,0,2400
ICBPDRCH5A,,0%,,,,,0,0,0,0
BFINDRCK6A,28,0%,28,28,28,28,0,0,0,7000
AKRA,1240,0%,1240,1255,1260,1235,3487,108743,13569762,24891109
FAPA,6050,0%,6050,6050,6100,6050,11,49,29728,21957941
ASIIZPCM5A,,0%,,,,,0,0,0,0
ACESZPCF5A,,0%,,,,,0,0,0,0
PBSA,930,0%,930,930,930,930,0,0,0,2790000
ESSAYUCZ5A,45,0%,45,45,45,45,0,0,0,9000
BMRIBQCN5A,,0%,,,,,0,0,0,0
POLU,15925,0%,15925,15925,15925,15925,0,0,0,11943750
OLIV,108,0%,108,108,108,108,0,0,0,205208
BAP,,0%,,,,,0,0,0,0
GMCW,,0%,,,,,0,0,0,0
EAST-W,,0%,,,,,0,0,0,0
GMFI,59,-1.6666666666666667%,60,60,60,59,61,9388,56073,2216393
XSBC,100,-0.9900990099009901%,101,101,101,100,18,346,3473,12560
BBNIDRCZ5A,57,-1.7241379310344827%,58,58,58,57,2,16,92,11400
APEX,124,-0.8%,125,127,127,123,897,190767,2369464,439762
HALO-W,15,-6.25%,16,16,16,14,110,65891,98758,8474
BSML,109,-0.9090909090909091%,110,110,112,109,322,190843,2098681,201675
KDTN,122,-0.8130081300813009%,123,126,126,118,222,8486,103829,152503
BBKP,78,-1.2658227848101267%,79,80,80,78,1193,752550,5923860,14493951
ACRO,85,-1.1627906976744187%,86,87,87,85,464,33598,288421,294882
JAST,101,-0.9803921568627451%,102,103,104,101,191,36366,373870,109340
BRMSYUCV5A,49,-2%,50,52,53,49,6,1328,6783,12250
CAKK,147,-0.6756756756756757%,148,148,148,146,47,6349,93859,176885
DMAS,138,-0.7194244604316548%,139,139,140,138,1327,182722,2529144,6651339
BBRM,89,-1.1111111111111112%,90,90,91,88,415,60406,537133,754675
NANO,65,-1.5151515151515151%,66,66,68,63,1763,359511,2366629,278554
XSSI,80,-1.2345679012345678%,81,82,83,80,100,420,3412,11856
UNTD,85,-1.1627906976744187%,86,87,87,85,295,28684,246228,566667
CNKO,96,-1.0309278350515463%,97,97,97,96,319,132720,1283711,859811
ADROZPCK6A,45,-2.1739130434782608%,46,45,45,45,1,5,23,31500
PTPS,176,-0.5649717514124294%,177,179,180,173,1469,151713,2667897,381483
KIJA,199,-0.5%,200,200,200,195,1164,1244659,24630484,4144153
ISATBQCJ6A,46,-2.127659574468085%,47,46,46,46,1,1,5,5060
VINS,144,-0.6896551724137931%,145,147,148,137,198,6890,96964,210323
ADCP,64,-1.5384615384615385%,65,66,67,62,3317,1150822,7359301,1422222
ADMRDRCJ6A,31,-3.125%,32,34,34,31,8,108,341,12400
GRPH,75,-1.3157894736842104%,76,78,78,74,801,138071,1043162,75000
GRPM,56,-1.7543859649122806%,57,57,57,55,191,22022,123245,86524
ELIT,186,-0.53475935828877%,187,188,188,183,618,43178,794517,377886
SURI,130,-0.7633587786259541%,131,131,135,126,20163,2369571,30739341,823469
BCIP,102,-0.9708737864077669%,103,103,103,100,225,30112,305673,145851
BGTG,109,-0.9090909090909091%,110,110,112,109,653,300279,3318728,2586710
BBCAZPCF6A,25,-3.8461538461538463%,26,25,25,25,1,143,358,5000
MPIX,71,-1.3888888888888888%,72,72,73,70,675,128414,908941,110938
BLES,167,-0.5952380952380952%,168,170,172,165,641,71230,1196310,1484664
PGEODRCJ6A,34,-2.857142857142857%,35,35,35,33,8,124,419,10200
PGASHDCK6A,78,-1.2658227848101267%,79,78,78,78,1,1,8,11700
BBNIBQCV5A,36,-2.7027027027027026%,37,37,39,36,38,3545,13154,1080
MPOW,118,-0.8403361344537815%,119,120,122,118,214,19397,231137,96406
DEWI,101,-0.9803921568627451%,102,102,102,100,3854,297328,3002712,202000
HADE,41,-2.380952380952381%,42,41,41,41,268,60277,247136,86920
GWSA,154,-0.6451612903225806%,155,156,156,153,31,4059,62346,1201317
ERAAHDCZ5A,32,-3.0303030303030303%,33,32,32,32,1,10,32,11520
GSMF,97,-1.0204081632653061%,98,98,98,91,435,30148,286885,1380349
SAFE,187,-0.5319148936170213%,188,188,194,182,152,8876,167664,115032
HAIS,190,-0.5235602094240838%,191,192,192,189,244,20119,383379,498988
AEGS,47,-2.083333333333333%,48,48,50,45,1228,305861,1434906,47286
FPNI,197,-0.5050505050505051%,198,198,198,194,118,7138,139573,1096584
MEDCBQCX5B,30,-3.225806451612903%,31,30,30,30,1,1,3,3300
TMAS,136,-0.7299270072992701%,137,137,138,129,534,46216,617063,7759004
KOBX,144,-0.6896551724137931%,145,145,146,143,105,3064,44370,327240
LABS,143,-0.6944444444444444%,144,144,144,140,90,6476,91609,564850
NTBK,60,-1.639344262295082%,61,61,62,59,672,116917,704120,162004
MPIX-W,13,-7.142857142857142%,14,13,14,13,26,18675,24680,2031
BBNIYUCV5A,45,-2.1739130434782608%,46,46,46,45,2,20,91,4500
SRSN,69,-1.4285714285714286%,70,71,71,68,475,100645,694930,415380
MDKI,196,-0.5076142131979695%,197,197,197,189,698,42887,829603,495909
BUMI,114,-0.8695652173913043%,115,115,116,112,10010,8049642,91492588,42332235
SRTGZPCK6A,48,-2.0408163265306123%,49,48,48,48,1,31,149,33600
INKPZPCK6A,35,-2.7777777777777777%,36,35,36,35,4,1633,5716,24500
MUTU,98,-1.0101010101010102%,99,99,99,98,85,7125,70181,308009
KKES,40,-2.4390243902439024%,41,44,44,40,82,24114,103960,60000
PRIM,89,-1.1111111111111112%,90,90,91,89,389,49705,445695,302016
SMGRDRCV5A,66,-1.4925373134328357%,67,66,66,66,1,1,7,9900
ENRGHDCK6A,45,-2.1739130434782608%,46,46,46,43,4,115,499,18000
PAMG,78,-1.2658227848101267%,79,79,80,77,581,136042,1066197,243750
BRISDRCJ6A,43,-2.272727272727273%,44,43,43,43,1,1,4,12900
BVIC-W,45,-2.1739130434782608%,46,44,45,44,6,153,677,301
MBMABQCX5A,23,-4.166666666666666%,24,20,23,20,18,17396,38629,3910
GTRA,140,-0.7092198581560284%,141,143,143,140,53,10950,155821,265213
BEER,108,-0.9174311926605505%,109,109,113,106,162,20679,223005,432000
XIML,249,-0.4%,250,236,249,236,2,22,547,39691
PART-W,20,-4.761904761904762%,21,21,21,20,24,3453,7027,13600
BABP,60,-1.639344262295082%,61,61,61,58,435,218937,1300769,2640860
ASJT,116,-0.8547008547008548%,117,117,117,116,19,1827,21204,162400
TAMA,47,-2.083333333333333%,48,48,48,47,146,16773,80351,56400
BBTNYUCZ5A,81,-1.2195121951219512%,82,81,81,81,1,1000,8100,16200
DGIK,95,-1.0416666666666665%,96,96,97,95,210,22477,216289,526411
MENN,59,-1.6666666666666667%,60,59,61,58,430,144630,859316,84609
INET-W,128,-0.7751937984496124%,129,129,130,126,89,12530,160839,96507
BAIK,105,-0.9433962264150944%,106,108,109,104,343,29832,316317,118125
BMRIDRCX5A,41,-2.380952380952381%,42,41,41,41,2,458,1878,8200
NAIK-W,23,-4.166666666666666%,24,24,25,23,151,56101,131667,6848
TAYS,83,-1.1904761904761905%,84,84,88,81,2580,441154,3737140,91210
INTD,199,-0.5%,200,198,200,196,29,555,10963,117774
HGII,143,-0.6944444444444444%,144,144,145,142,345,23368,333575,929500
PSKT,120,-0.8264462809917356%,121,121,121,120,132,61828,742763,1242148
MBMADRCX5A,36,-2.7027027027027026%,37,36,36,34,6,3201,11304,14400
PGEOBQCX5B,16,-5.88235294117647%,17,17,17,16,8,1408,2317,1440
NCKLZPCJ6A,68,-1.4492753623188406%,69,70,70,68,8,179,1231,13600
HRUMHDCK6A,63,-1.5625%,64,63,71,62,14,3124,20591,12600
WOWS,96,-1.0309278350515463%,97,98,99,94,3078,487725,4652733,237669
TLKMDRCJ6A,84,-2.3255813953488373%,86,84,84,84,1,1,8,25200
NCKLDRCK6A,48,-4%,50,50,50,48,4,65,322,14400
SPMA,282,-0.7042253521126761%,284,284,292,278,84,3675,103851,889454
GZCO,202,-0.9803921568627451%,204,206,208,200,2137,325953,6607176,1212000
BRMSBQCZ5A,83,-2.3529411764705883%,85,87,87,83,4,3184,26437,7470
MDKADRCV5A,98,-2%,100,99,99,97,11,11760,115249,19600
ISSP,406,-0.49019607843137253%,408,410,410,404,76,3293,133174,2917513
LCKM,210,-0.9433962264150944%,212,210,212,210,5,22,462,210000
SLIS,99,-1.9801980198019802%,101,101,102,98,1918,258952,2578747,243870
IOTF,93,-2.1052631578947367%,95,96,97,93,1735,229255,2151866,491998
JAWA,153,-1.2903225806451613%,155,155,158,151,518,40279,623603,2483642
NEST,264,-0.7518796992481203%,266,266,268,262,681,38729,1027763,1085700
AHAP,78,-2.5%,80,80,81,78,284,26928,212012,382200
CAMP,214,-0.9259259259259258%,216,216,216,212,136,4145,88821,1259390
CARS,128,-1.5384615384615385%,130,132,132,114,3145,1822170,22487337,1920000
CNMA,130,-1.5151515151515151%,132,132,133,129,2174,467033,6104169,10834850
KMTR,298,-0.6666666666666667%,300,300,308,290,104,4472,133872,2448179
NATO,139,-1.4184397163120568%,141,141,141,139,20,1204,16819,1112154
ISATDRCG6A,44,-4.3478260869565215%,46,46,46,44,2,2,9,8800
MDKAHDCZ5A,142,-1.3888888888888888%,144,143,143,142,2,79,1122,28400
UFOE,174,-1.1363636363636365%,176,176,176,174,29,467,8147,504298
SMBR,296,-0.6711409395973155%,298,300,302,294,565,77645,2312888,2940030
SMDR,332,-0.5988023952095809%,334,334,336,328,961,70915,2346024,5436699
SDRA,292,-0.6802721088435374%,294,294,296,290,58,1552,45415,4247218
ELPI,396,-0.5025125628140703%,398,398,400,360,546,23154,867042,2935152
XCEG,107,-1.834862385321101%,109,107,107,107,1,5,54,10882
AMMNZPCG6A,51,-3.7735849056603774%,53,51,51,51,1,14,71,10200
ADROHDCZ5A,43,-4.444444444444445%,45,45,45,43,3,898,4001,7740
ANTMHDPH6A,60,-3.225806451612903%,62,60,60,60,4,76,456,7200
INCOZPCK6A,49,-3.9215686274509802%,51,49,49,49,1,50,245,34300
RSCH,370,-0.5376344086021506%,372,370,372,368,61,34132,1259884,980500
BRMSDRCJ6A,66,-2.941176470588235%,68,70,70,66,6,52,352,19800
WIDI,47,-4.081632653061225%,49,49,49,46,1588,406082,1903979,75201
DEWA,222,-0.8928571428571428%,224,224,226,222,1713,572507,12772392,9032610
HELI,246,-0.8064516129032258%,248,250,250,244,19,89,2188,204884
AIMS,344,-0.5780346820809248%,346,346,346,344,23,257,8866,75680
SMRADRCJ6A,32,-5.88235294117647%,34,34,34,32,2,930,2976,16000
DFAM,91,-2.1505376344086025%,93,94,95,88,2693,292886,2682852,172887
SAMF,324,-0.6134969325153374%,326,326,326,322,55,340,11002,3321000
GOLF,212,-0.9345794392523363%,214,216,216,210,104,8213,173950,4131193
ASIIBQCU5A,22,-8.333333333333332%,24,22,22,21,4,4,9,880
MDKADRCK6A,82,-2.380952380952381%,84,83,83,82,7,2567,21082,12300
GOOD,370,-0.5376344086021506%,372,372,372,368,49,1454,53796,13652224
JTPE,324,-0.6134969325153374%,326,326,330,322,140,22275,728459,2220064
HATM,248,-0.8%,250,250,252,248,1431,237511,5927046,2152640
KBLI,368,-0.5405405405405406%,370,370,370,368,7,11,405,1474663
OBAT,466,-0.4273504273504274%,468,468,468,462,242,6872,319585,281197
MDLA,240,-0.8264462809917356%,242,246,248,240,562,69309,1689795,3363078
MDLN,72,-2.7027027027027026%,74,74,75,71,1289,339569,2464765,902381
PEHA,330,-0.6024096385542169%,332,334,338,330,9,67,2215,277200
TIFA,398,-0.5%,400,400,402,398,10,45,1793,1413781
BUVA,360,-0.5524861878453038%,362,362,370,354,3538,648899,23501686,7412570
KKGI,324,-0.6134969325153374%,326,330,332,322,374,37841,1239268,1620000
ANTMHDCH6A,111,-1.7699115044247788%,113,111,111,111,1,3,33,16650
PANIZPCJ6A,65,-2.9850746268656714%,67,67,67,63,54,76117,499371,13000
CPRO,59,-3.278688524590164%,61,62,62,59,1681,1340458,8038086,3514771
FUTR,420,-0.47393364928909953%,422,420,432,410,6944,689454,29072951,2786932
PART,110,-1.7857142857142856%,112,112,113,108,1862,558841,6241147,299202
VKTR,124,-1.5873015873015872%,126,126,126,120,2032,316154,3871104,5425000
BMSR,324,-0.6134969325153374%,326,334,346,318,288,7860,258468,375581
WSBP,30,-6.25%,32,31,31,30,1172,944350,2862993,1703414
SBMA,134,-1.4705882352941175%,136,136,137,133,84,19907,267050,124610
BMTR,142,-1.3888888888888888%,144,144,144,141,634,94826,1345643,2354928
GTSI,89,-2.197802197802198%,91,91,91,87,1575,280923,2502298,1407904
BVIC,112,-1.7543859649122806%,114,115,115,111,528,78045,876228,2041879
TNCA,176,-1.1235955056179776%,178,179,180,172,99,4249,74184,74209
XIPI,218,-0.9090909090909091%,220,218,218,218,1,1,22,850854
JMAS,148,-1.3333333333333335%,150,149,151,148,30,3389,50497,148000
BIPI,82,-2.380952380952381%,84,85,85,81,1343,355567,2923078,5224236
BABY,306,-0.6493506493506493%,308,308,310,298,304,87451,2651299,800565
MEJA,87,-2.247191011235955%,89,89,91,85,1390,254414,2206525,166823
GPRA,138,-1.4285714285714286%,140,140,141,136,1708,951652,13198109,590178
BELL,65,-2.9850746268656714%,67,67,68,65,1117,176762,1159438,471250
HOPE,163,-1.2121212121212122%,165,170,170,161,1051,90704,1489937,347249
ASLC,98,-2%,100,100,100,97,1326,331311,3265628,1249143
IRRA,422,-0.4716981132075472%,424,430,430,418,114,4311,181750,675200
ANTMBQCU5A,380,-0.5235602094240838%,382,386,386,380,9,982,37533,30400
GGRMZPCG6A,74,-2.631578947368421%,76,77,91,65,142,89157,642750,14800
DGNS,142,-1.3888888888888888%,144,144,145,141,75,3458,49263,177500
MAHA,156,-1.2658227848101267%,158,159,161,154,612,72801,1138140,2599896
BBCADRCF6A,35,-5.405405405405405%,37,37,37,35,6,52649,189273,3500
PGEODRPV5A,22,-8.333333333333332%,24,22,22,22,1,1,2,3300
PSGO,204,-0.9708737864077669%,206,206,206,202,103,3193,65186,3845400
PGEOHDCH6A,45,-4.25531914893617%,47,46,46,43,9,334,1468,8100
AMMNBQCZ5A,36,-5.263157894736842%,38,35,36,35,2,2944,10305,2520
GLVA,332,-0.5988023952095809%,334,330,334,320,25,133,4332,498000
BNII,210,-0.9433962264150944%,212,214,214,210,91,4103,86856,15825061
IFII,232,-0.8547008547008548%,234,232,234,232,49,695,16167,2183584
GUNA,236,-0.8403361344537815%,238,242,244,236,45,3313,79958,590000
OBAT-W,107,-1.834862385321101%,109,109,110,105,110,5733,61367,8728
URBN,138,-1.4285714285714286%,140,139,140,130,52,1261,16939,446033
MEDCZPCF6A,35,-5.405405405405405%,37,34,35,34,2,321,1092,7000
BSBK,91,-3.1914893617021276%,94,94,98,90,13777,2713854,25529429,2283361
IKAN,139,-2.112676056338028%,142,142,143,138,1337,138743,1938783,115833
ATLA,66,-4.3478260869565215%,69,68,69,66,3317,691674,4657842,409172
AGRS,80,-3.614457831325301%,83,84,86,80,1587,258676,2113628,3789365
BMRIZPCH6A,51,-5.555555555555555%,54,51,51,51,3,51,260,10200
ANTMBQCX5A,103,-2.8301886792452833%,106,106,106,103,4,509,5288,8240
PPGL,104,-2.803738317757009%,107,107,111,103,166,12535,132302,80203
GEMA,120,-2.4390243902439024%,123,124,125,120,401,46610,564820,192000
INCODRCK6A,84,-3.4482758620689653%,87,84,84,84,1,1,8,8400
VISI,152,-1.935483870967742%,155,155,155,148,313,62334,945462,467400
ADMG,149,-1.9736842105263157%,152,152,154,146,169,4577,68689,579488
IPTV,41,-6.8181818181818175%,44,44,44,41,142,62513,269001,1730116
SRTGDRCK6A,97,-3%,100,98,98,97,4,24,234,9700
SAGE,49,-5.769230769230769%,52,47,49,47,628,270641,1276603,393643
NCKLYUCZ5A,101,-2.8846153846153846%,104,104,104,101,3,1079,10905,20200
KBAG,52,-5.454545454545454%,55,54,54,52,320,117239,626837,371800
ANTMZPCJ6A,105,-2.7777777777777777%,108,111,111,105,3,36,397,21000
BBCAHDCQ7A,56,-5.084745762711865%,59,57,57,56,6,2250,12820,5600
LRNA,180,-1.639344262295082%,183,195,195,178,47,1455,26233,63000
HRUMZPCG6A,68,-4.225352112676056%,71,71,72,67,7,6010,41769,13600
SWID,100,-2.912621359223301%,103,105,105,98,487,37257,374785,538502
MBMAHDCH6A,74,-3.896103896103896%,77,74,74,74,1,300,2220,18500
BIPP,53,-5.357142857142857%,56,56,56,53,98,9400,51524,266519
ANTMZPCK6A,44,-6.382978723404255%,47,43,44,43,3,123,536,30800
ASMI,37,-7.5%,40,40,40,37,293,151675,582270,331460
PANIBQCZ5A,42,-6.666666666666667%,45,43,43,41,4,1457,6127,2100
BBCAZPCH6A,76,-3.79746835443038%,79,79,79,76,4,363,2811,15200
BEST,117,-2.5%,120,121,122,115,901,286066,3357127,1128735
TFAS,171,-1.7241379310344827%,174,175,178,167,349,15730,269712,285000
BATA,54,-5.263157894736842%,57,57,57,54,18,5099,28764,70200
ESTI,62,-4.615384615384616%,65,65,65,62,183,22454,141679,124943
BSDEDRCJ6A,49,-7.547169811320755%,53,50,51,49,3,485,2429,24500
MDKAZPCF6A,79,-4.819277108433735%,83,83,83,79,3,200,1625,15800
MAPAZPCH6A,29,-12.121212121212121%,33,29,29,29,1,10,29,5800
MOLI,220,-1.7857142857142856%,224,220,226,218,265,7709,169580,599288
ENRGHDCZ5A,264,-1.4925373134328357%,268,256,264,256,4,4,104,84480
MKTR,143,-2.7210884353741496%,147,147,147,138,704,44113,626569,1723512
AMAR,210,-1.8691588785046727%,214,204,214,204,104,2749,57135,3821430
BTON,380,-1.0416666666666665%,384,380,380,370,23,226,8476,273600
ANTMDRCG6A,67,-5.633802816901409%,71,70,70,67,12,4462,30552,20100
AMOR,466,-0.851063829787234%,470,470,470,466,33,340,15960,1035556
GOLD,268,-1.4705882352941175%,272,272,272,266,22,155,4158,342310
ARKA,41,-8.88888888888889%,45,41,41,41,415,123051,504509,82000
ERAL,326,-1.2121212121212122%,330,330,332,326,460,36730,1203625,1691125
TMPO,174,-2.247191011235955%,178,180,180,170,982,77893,1359134,184150
MBMAZPCX5A,70,-5.405405405405405%,74,70,70,70,1,45,315,14000
PZZA,238,-1.6528925619834711%,242,242,242,236,208,13081,311530,719206
BBCAHDCV5A,30,-11.76470588235294%,34,34,34,30,20,739,2230,3000
PEVE,432,-0.9174311926605505%,436,436,436,426,35,1994,86757,762750
PJAA,482,-0.823045267489712%,486,486,486,480,93,2497,120447,771200
INDO,248,-1.5873015873015872%,252,250,254,248,189,24917,621110,1111224
INET,218,-1.8018018018018018%,222,222,224,218,2135,252806,5573694,1928436
MRAT,214,-1.834862385321101%,218,218,220,208,337,29645,624400,91592
TAMU,36,-10%,40,36,36,36,1299,780961,2811460,1350000
BELI,364,-1.0869565217391304%,368,366,368,364,37,4575,167234,48726478
PGEOHDCH6B,52,-7.142857142857142%,56,56,56,52,7,214,1176,9360
BTPSDRCK6A,50,-7.4074074074074066%,54,50,50,50,1,1,5,7500
TBLA,725,-0.684931506849315%,730,730,735,715,441,24084,1730756,4368396
MFIN,995,-0.5%,1000,1000,1015,975,136,790,78090,4975000
BJTM,510,-0.9708737864077669%,515,515,515,510,536,34381,1764376,7581325
BSIM,910,-0.546448087431694%,915,915,915,890,29,71,6419,17761309
KMDS,625,-0.7936507936507936%,630,630,630,620,40,1160,72015,500000
BOAT,135,-3.571428571428571%,140,140,142,134,1205,111594,1534809,472727
JRPT,795,-0.625%,800,795,810,795,27,3695,295617,10264022
SPTO,670,-0.7407407407407408%,675,675,675,670,99,1049,70491,1809000
VICI,625,-0.7936507936507936%,630,630,630,620,104,4941,309022,4192500
BBTN,1340,-0.37174721189591076%,1345,1345,1360,1335,7273,136319,18352977,18618094
EMTKDRCK6A,48,-9.433962264150944%,53,48,48,48,1,1,5,19200
HUMI,146,-3.3112582781456954%,151,151,153,144,4235,759267,11195010,2634801
KEEN,825,-0.6024096385542169%,830,835,835,820,127,10306,852509,3024708
KEJU,605,-0.819672131147541%,610,605,610,600,88,2843,172146,3403125
MTDL,615,-0.8064516129032258%,620,625,625,610,460,43873,2705800,7550284
SMKL,163,-2.976190476190476%,168,169,170,163,45,796,13207,557148
DVLA,1610,-0.30959752321981426%,1615,1615,1620,1600,25,83,13402,1803200
BTPS,1455,-0.3424657534246575%,1460,1465,1465,1440,1259,34151,4960049,11096795
BPII,545,-0.9090909090909091%,550,550,550,545,40,926,50547,5618935
XPLQ,511,-0.9689922480620154%,516,446,511,446,2,2,96,27390
GJTL,1015,-0.49019607843137253%,1020,1020,1025,1010,257,14667,1490239,3537072
BHAT,885,-0.5617977528089888%,890,890,890,875,341,13235,1164471,4425000
UNVRBQCU5A,15,-25%,20,2,49,2,504,89934,138252,750
HALO,92,-5.154639175257731%,97,97,97,91,1290,126187,1176033,519804
AREA,505,-0.9803921568627451%,510,510,515,500,1565,6063,307495,1282499
FUJI,510,-0.9708737864077669%,515,515,530,490,506,336840,17175873,663000
ENAK,695,-0.7142857142857143%,700,700,700,690,45,3355,232274,1505833
PNBN,1130,-0.4405286343612335%,1135,1145,1145,1125,245,14044,1584393,26936540
MMLP,535,-0.9259259259259258%,540,540,540,535,145,33070,1773681,3685687
PANS,1385,-0.3597122302158274%,1390,1400,1400,1385,56,718,100253,997200
ULTJ,1310,-0.38022813688212925%,1315,1315,1320,1310,521,13997,1836386,13621610
ZONE,755,-0.6578947368421052%,760,760,760,755,18,1253,94857,656979
DKFT,705,-0.7042253521126761%,710,710,715,695,1121,113319,7967634,3974964
MINE,565,-0.8771929824561403%,570,575,580,560,337,31895,1805857,2307706
BISI,885,-0.5617977528089888%,890,890,895,885,32,386,34299,2655000
LSIP,1335,-0.3731343283582089%,1340,1340,1350,1325,1550,58114,7790895,9104652
KLBF,1185,-0.42016806722689076%,1190,1190,1195,1175,4196,138740,16466810,55473869
TRUE,52,-8.771929824561402%,57,52,52,52,447,94703,492456,393698
BRMS,570,-0.8695652173913043%,575,585,585,570,18286,3324104,192062640,80816903
ASSA,900,-0.5524861878453038%,905,910,910,895,457,16776,1515961,3322024
YUPI,1620,-0.3076923076923077%,1625,1625,1625,1610,34,95,15359,13842072
JIHD,695,-0.7142857142857143%,700,700,715,690,145,3314,231811,1618683
BJBR,765,-0.6493506493506493%,770,770,770,760,847,22211,1698372,7968415
MAPB,1665,-0.29940119760479045%,1670,1710,1710,1665,12,34,5689,3975892
MARK,620,-0.8%,625,625,635,605,2092,127513,7925339,2356000
ISAT,1895,-0.2631578947368421%,1900,1915,1915,1880,2264,38233,7261807,61115287
PGLI,240,-2.4390243902439024%,246,250,266,212,365,15754,379332,117120
MORA,432,-1.36986301369863%,438,440,440,432,7,296,12946,10215361
ANTMDRCX5A,382,-1.5463917525773196%,388,382,382,382,1,1,38,114600
CSMI,336,-1.7543859649122806%,342,342,344,328,1090,53793,1796801,274197
VAST,190,-3.061224489795918%,196,196,197,190,200,22363,432371,580587
KRYA,226,-2.586206896551724%,232,234,240,224,2374,187245,4313848,376051
MTWI,358,-1.6483516483516485%,364,360,362,356,30,632,22594,1046966
SAME,304,-1.935483870967742%,310,310,312,302,227,22473,683691,5212728
TRIM,366,-1.6129032258064515%,372,372,378,366,47,1841,68050,2602004
FMII,360,-1.639344262295082%,366,366,366,360,17,142,5141,2304000
INCODRCX5A,103,-6.363636363636363%,110,106,106,103,13,1309,13680,30900
IPAC,139,-4.794520547945205%,146,148,155,136,76,224,3296,132032
BRISBQCZ5A,47,-12.962962962962962%,54,80,80,47,4,89,447,3760
SMGA,109,-6.0344827586206895%,116,113,114,107,2381,788927,8686347,953750
BBCABQCG6A,67,-9.45945945945946%,74,68,68,67,8,270,1809,6700
TAPGDRCJ6A,84,-7.6923076923076925%,91,89,89,83,4,532,4668,42000
PTBAZPCH6A,40,-14.893617021276595%,47,40,40,40,2,6,24,8000
INCOBQCV5A,36,-16.27906976744186%,43,37,37,35,11,392,1426,1080
BRPTHDPG6A,232,-3.3333333333333335%,240,232,232,232,2,3,70,27840
MDKABQCV5A,118,-6.349206349206349%,126,126,126,118,11,138,1633,5900
OBMD,280,-2.7777777777777777%,288,288,288,278,85,3072,86408,225678
AWAN,258,-3.007518796992481%,266,270,272,254,631,183909,4796849,886230
ASBI,444,-1.7699115044247788%,452,450,450,432,88,648,28420,154684
BEEF,316,-2.4691358024691357%,324,322,324,314,3967,124364,3968900,2565999
ASRM,272,-2.857142857142857%,280,278,278,270,59,862,23458,331061
DPNS,320,-2.4390243902439024%,328,340,340,318,31,477,15343,105962
SCMA,294,-2.6490066225165565%,302,302,308,284,9931,2267618,66467968,21747347
RICY,83,-9.782608695652174%,92,83,83,83,59,6763,56133,53263
BOLA,188,-4.568527918781726%,197,197,197,186,256,24922,470689,1128000
SCMAZPCG6A,145,-5.844155844155844%,154,156,156,145,2,2,30,29000
PADI,84,-9.67741935483871%,93,84,84,84,470,536249,4504492,949809
MAPAHDCZ5A,26,-25.71428571428571%,35,26,26,26,2,11,29,7800
IATA,83,-9.782608695652174%,92,83,83,83,606,819859,6804830,2595894
TSPC,2350,-0.423728813559322%,2360,2380,2380,2320,168,2919,683098,10598181
LTLS,845,-1.1695906432748537%,855,850,860,835,37,381,32292,1318200
RIGS,815,-1.2121212121212122%,825,820,820,810,13,631,51678,496441
APIC,1130,-0.8771929824561403%,1140,1140,1145,1130,549,27649,3137584,13295934
CENT,129,-7.194244604316546%,139,139,139,128,4662,677253,9018242,4022667
GMTD,2110,-0.4716981132075472%,2120,2180,2180,2110,8,16,3413,2142452
BOGA,545,-1.8018018018018018%,555,555,555,545,51,1297,71356,2072922
LPLI,312,-3.1055900621118013%,322,324,326,308,86,4653,145105,365175
RISE,1105,-0.8968609865470852%,1115,1070,1115,1070,105,3227,356466,12094225
CASS,2630,-0.3787878787878788%,2640,2640,2640,2580,12,90,23674,5488679
UNVR,1730,-0.5747126436781609%,1740,1740,1765,1725,2029,71467,12454532,65999500
PTSP,925,-1.06951871657754%,935,925,930,900,36,1667,154184,204247
PTSN,448,-2.1834061135371177%,458,458,458,448,164,2725,123210,2380826
SUNI,835,-1.183431952662722%,845,835,845,825,68,1687,141179,2087500
IPCC,1110,-0.8928571428571428%,1120,1120,1120,1105,350,11135,1237508,2018407
KAEF,505,-1.9417475728155338%,515,520,520,505,199,7215,368807,2811127
ADMR,1010,-0.9803921568627451%,1020,1030,1030,1000,2366,96049,9726064,41291155
TLDN,695,-1.4184397163120568%,705,700,700,695,117,5616,392188,8997838
JSPT,3910,-0.25510204081632654%,3920,3910,3990,3900,15,26,10223,9066258
NOBU,540,-1.8181818181818181%,550,555,555,540,331,19462,1059822,3997976
HMSP,660,-1.4925373134328357%,670,670,685,640,14694,2169270,143757552,76769931
LINK,3010,-0.33112582781456956%,3020,3010,3010,3010,13,62,18662,8618218
DAYA,995,-0.9950248756218906%,1005,1005,1005,975,33,49,4829,2408444
MYOH,1700,-0.5847953216374269%,1710,1710,1710,1690,20,21,3570,3750731
MYOR,2060,-0.4830917874396135%,2070,2070,2070,2040,1092,33365,6851022,46058921
ARGO,1240,-0.8%,1250,1250,1285,1225,56,299,37522,3936180
BINA,4490,-0.2222222222222222%,4500,4420,4490,4420,3,5,2217,27269429
SSTM,294,-3.289473684210526%,304,304,304,290,74,1082,31789,344247
TRST,482,-2.0325203252032518%,492,492,492,474,16,128,6146,1353456
MAIN,735,-1.342281879194631%,745,750,755,735,662,37210,2772735,1645481
MERI,238,-4.032258064516129%,248,248,252,236,1407,96191,2331150,246362
BNGA,1715,-0.5797101449275363%,1725,1725,1730,1715,645,15033,2588725,42687694
NICE,462,-2.11864406779661%,472,472,480,454,1487,89907,4178248,2809893
CMNT,825,-1.1976047904191618%,835,835,835,820,1356,309081,25442023,14128541
MAYA,298,-3.2467532467532463%,308,308,316,292,1934,203159,6133522,7720041
TOBA,1250,-0.7936507936507936%,1260,1270,1300,1235,6974,716654,90787537,10321754
PANIHDCZ5A,150,-6.832298136645963%,161,152,152,150,3,3,45,27000
WIRG,154,-6.666666666666667%,165,167,168,153,24629,8507024,136195172,1838548
EMTKYUCV5A,133,-8.275862068965518%,145,145,145,133,5,27,385,33250
MITI,314,-3.6809815950920246%,326,328,328,308,369,18428,585621,1111791
ANTMHDCU5A,131,-8.391608391608392%,143,131,137,131,15,2454,32851,15720
MDKAHDCU5A,159,-7.55813953488372%,172,159,159,159,1,1,16,20988
GRIA,127,-9.285714285714286%,140,138,138,127,2567,228237,3006244,936717
XPDV,612,-2.08%,625,550,615,550,21,651,40011,1102
EMTKZPCH6A,129,-9.79020979020979%,143,137,137,122,5,131,1605,25800
IMJS,254,-5.223880597014925%,268,268,268,240,2666,284255,7255287,2198199
CCSI,362,-3.723404255319149%,376,376,378,360,100,3003,109298,482667
XIIF,450,-3.0172413793103448%,464,450,450,450,1,2,90,27495
CYBR-W,665,-2.2058823529411766%,680,680,685,630,22,59,3872,204751
BBTNZPCG6A,58,-20.54794520547945%,73,59,59,58,3,267,1575,11600
CASA,1155,-1.282051282051282%,1170,1170,1170,1155,522,24035,2794109,62920092
MCAS,790,-1.8633540372670807%,805,805,815,790,268,3777,301742,685667
SMMT,1185,-1.25%,1200,1200,1210,1180,65,4250,507253,4058625
BLOG,535,-2.727272727272727%,550,545,545,515,1445,76190,4043613,1808026
NCKL,1090,-1.3574660633484164%,1105,1115,1125,1085,2729,217629,23973435,68777474
CLEO,520,-2.803738317757009%,535,535,535,515,1152,80926,4231468,12480000
ASDM,515,-2.8301886792452833%,530,525,545,515,32,341,17768,197760
CHIP,1435,-1.0344827586206897%,1450,1450,1450,1430,117,376,54090,1156610
PSAB,550,-2.6548672566371683%,565,555,560,540,5786,561569,30817307,14553000
PSAT,1385,-1.0714285714285714%,1400,1405,1405,1375,365,2919,404351,2053059
POLI,740,-1.9867549668874174%,755,740,740,740,6,9,666,1487790
CMNP,1325,-1.1194029850746268%,1340,1340,1340,1315,79,1321,175068,8002471
AGII,815,-1.8072289156626504%,830,835,840,790,1188,30601,2486783,2499328
RAAM,350,-4.371584699453552%,366,366,366,344,1879,89857,3151017,2384767
LIVE,254,-5.9259259259259265%,270,270,272,248,3872,249233,6384209,1166623
RCCC,248,-6.0606060606060606%,264,280,288,242,147,2184,57431,195300
BULL,191,-8.173076923076923%,208,208,212,186,9400,1835529,36199116,2696500
KDSI,452,-3.829787234042553%,470,456,470,452,35,285,13060,732240
SNLK,438,-3.9473684210526314%,456,456,456,436,546,27514,1230461,197100
GDYR,1175,-1.6736401673640167%,1195,1175,1175,1175,6,22,2585,481750
PTBA,2360,-0.8403361344537815%,2380,2380,2390,2360,3526,59721,14153255,27188756
MSIN,605,-3.2%,625,630,630,600,1580,139861,8506147,36709088
BSSR,3930,-0.5063291139240507%,3950,3950,3950,3920,247,1995,786455,10282845
SMGR,2910,-0.6825938566552902%,2930,2930,2930,2890,2494,46519,13527325,19646982
JPFA,1930,-1.0256410256410255%,1950,1955,1965,1930,3372,94538,18361042,22632290
HRTA,870,-2.247191011235955%,890,885,885,865,2325,195506,17056879,4006578
PRDA,2750,-0.7220216606498195%,2770,2760,2760,2720,37,272,74507,2578125
KONI,1720,-1.1494252873563218%,1740,1710,1735,1700,22,57,9780,536640
ARTA,3180,-0.625%,3200,3130,3200,3090,6,9,2816,1420424
CMNP-W,382,-4.975124378109453%,402,396,396,382,3,11,422,251714
ABMM,2910,-0.6825938566552902%,2930,2930,2940,2900,379,5132,1491909,8011710
INPP,750,-2.5974025974025974%,770,765,765,745,43,249,18675,8386479
BRNA,720,-2.7027027027027026%,740,715,735,715,9,603,43119,704959
SGER,334,-5.649717514124294%,354,356,356,334,4513,990301,33891425,5206028
MASB,3230,-0.6153846153846154%,3250,3250,3250,3230,3,11,3573,4482391
VOKS,350,-5.913978494623656%,372,362,366,330,697,17956,634641,1454461
UNIC,7875,-0.31645569620253167%,7900,7900,7900,7850,4,4,3153,3018734
TINS,1105,-2.2123893805309733%,1130,1130,1135,1105,1685,109701,12205038,8229768
GGRM,10925,-0.228310502283105%,10950,10950,11675,10400,5340,64028,70387138,21020661
INTP,6925,-0.3597122302158274%,6950,6925,6950,6825,1158,5270,3635518,24345549
NICK,1325,-1.8518518518518516%,1350,1330,1355,1240,25,63,8235,862774
PGEO,1330,-2.2058823529411766%,1360,1360,1365,1305,6814,394578,52622841,55592975
KETR,560,-5.084745762711865%,590,585,600,540,837,38493,2161618,1591107
ARKO,1530,-1.9230769230769231%,1560,1565,1570,1520,368,6670,1024400,4480597
MIKA,2340,-1.2658227848101267%,2370,2370,2380,2330,633,19784,4658227,32543507
BMRI,4450,-0.6696428571428571%,4480,4480,4500,4450,20328,812945,363130099,411180000
BIKE,1000,-2.912621359223301%,1030,1035,1040,1000,1066,29997,3039244,1293916
INRU,765,-3.7735849056603774%,795,800,820,740,79,373,29256,1062496
COCO,494,-5.904761904761905%,525,520,525,488,871,36928,1847975,439593
EMTKHDCZ5A,197,-14.347826086956522%,230,200,200,197,2,424,8426,63040
TBIG,1800,-1.9073569482288828%,1835,1835,1855,1780,370,8811,1588706,40782599
ARCI,920,-3.664921465968586%,955,950,960,905,5171,549590,51563394,22848200
BSDE,1075,-3.587443946188341%,1115,1110,1115,1055,4466,314814,33912544,22759218
SMDM,830,-4.597701149425287%,870,890,890,815,347,7510,632966,3960875
TLKM,3260,-1.2121212121212122%,3300,3300,3300,3210,7331,294717,95744189,322942826
WIFI,2610,-1.509433962264151%,2650,2640,2640,2580,4956,308223,80302184,13855313
WIIM,990,-3.8834951456310676%,1030,1025,1055,975,6415,418335,42539361,2078875
MDKA,2500,-1.574803149606299%,2540,2550,2550,2490,5437,293209,73637584,61182459
EMTK,1110,-3.4782608695652173%,1150,1150,1180,1065,16267,1520065,168212912,68144844
DSNG,1610,-2.4242424242424243%,1650,1650,1655,1605,1556,183319,29718981,17065746
BRIS,2600,-1.5151515151515151%,2640,2640,2640,2600,4143,49892,13034208,118736482
BNBA,715,-5.298013245033113%,755,755,760,700,139,4208,306588,2398196
SRTG,1885,-2.33160621761658%,1930,1950,1950,1880,2137,67506,12838707,25569714
IFSH,950,-5%,1000,1000,1035,900,132,832,83071,2018750
TGKA,5625,-0.881057268722467%,5675,5650,5700,5625,20,70,39658,5166522
SILO,2140,-2.28310502283105%,2190,2190,2190,2140,458,3785,817860,27833108
DNET,9050,-0.5494505494505495%,9100,9150,9150,9050,28,98,89245,128365200
OKAS,300,-14.772727272727273%,352,300,300,300,2262,239472,7184160,712035
RELI,660,-7.6923076923076925%,715,730,755,655,196,1836,125061,1188000
PACK,2020,-2.8846153846153846%,2080,2110,2110,1995,1458,37621,7610106,3226746
TEBE,1880,-3.0927835051546393%,1940,1940,1945,1855,1660,53129,10027108,2415800
INDR,2790,-2.1052631578947367%,2850,2850,2900,2750,106,754,214803,1825641
INCO,4010,-1.4742014742014742%,4070,4070,4090,3980,2832,53146,21365509,42264536
TAPG,1530,-3.7735849056603774%,1590,1590,1600,1520,3496,123233,19167754,30374386
EMTKBQCZ5A,298,-18.579234972677597%,366,316,316,298,3,4,122,23840
SSIA,1835,-3.674540682414698%,1905,1905,1905,1830,6800,314195,58378277,8634133
NICL,1070,-6.140350877192982%,1140,1145,1165,1060,3013,137280,15266005,11380140
SMMA,15525,-0.4807692307692308%,15600,15600,15650,15200,39,113,175433,98857995
BYAN,18275,-0.4087193460490463%,18350,18400,18425,18100,18,19,34678,609166697
ANTM,3520,-2.2222222222222223%,3600,3570,3580,3510,13508,646349,228415173,84588292
SONA,4720,-1.6666666666666667%,4800,4770,4780,4600,217,486,226516,3126528
NRCA,955,-8.61244019138756%,1045,1020,1025,945,4487,275268,26682590,2383927
TCID,2910,-3%,3000,3000,3000,2860,84,412,119736,1170208
SOSS,825,-9.836065573770492%,915,875,875,825,59,398,33775,659517
BBCA,7825,-1.2618296529968454%,7925,7850,7900,7800,26871,757929,594048730,954980994
MGLV,1235,-9.854014598540147%,1370,1235,1235,1235,53,2007,247865,2352531
RDTX,11675,-1.2684989429175475%,11825,11625,11750,11625,4,4,4673,3138240
HEXA,5200,-3.7037037037037033%,5400,5400,5400,5100,1801,13360,6929083,4368000
PANI,13375,-1.4732965009208103%,13575,13600,13650,13300,4492,42993,57674900,226097708
ITMA,1355,-13.418530351437699%,1565,1565,1590,1350,1612,34031,4839123,1353717
TCPI,5700,-4.602510460251046%,5975,6050,6050,5575,898,21496,12328265,28500000
UDNG,2760,-9.803921568627452%,3060,2760,2760,2760,59,1313,362388,4830111
LIFE,14050,-6.176961602671119%,14975,13500,14050,13500,75,261,361315,29505000

