Code,Board,Net Val(K),Net Vol,F.Buy Vol,F.Buy Val(K),F.Sell Vol,F.Sell Val(K),Last,AVG,Change,Volume,Value(K)
AADI,RG,25075745,34340,51218,37365733,16878,12289988,7250,7291,1.05%,137260,100078840
AALI,RG,2902153,3953,5269,3867330,1316,965178,7350,7334,0.68%,8907,6532683
ABBA,RG,37800,9000,9000,37800,0,0,42,42,0.00%,12938,54340
ABDA,RG,0,0,0,0,0,0,3400,0,0.00%,0,0
ABMM,RG,46604,158,546,160919,388,114315,2960,2954,0.00%,4817,1422737
ACES,RG,1372778,31298,209723,9222450,178425,7849672,440,439,0.92%,502093,22063112
ACRO,RG,9152,-264,28137,243420,28401,252571,85,88,1.19%,493780,4331816
ACST,RG,181139,-11875,3770,57504,15645,238642,144,149,-7.69%,283470,4220678
ADCP,RG,5085,1992,110942,714340,108950,709255,62,65,-10.14%,2540523,16637221
ADES,RG,6883,-5,0,0,5,6883,13725,13743,0.37%,45,61843
ADHI,RG,2580207,88108,156382,4589703,68274,2009496,290,293,-1.36%,459946,13486022
ADMF,RG,0,0,0,0,0,0,8975,8980,-0.28%,250,224510
ADMG,RG,86,17,1093,15930,1076,16016,148,147,-1.33%,12348,181723
ADMR,RG,21071554,-203532,55594,5746248,259126,26817802,1025,1040,0.00%,605745,63009647
ADRO,RG,13827534,77411,502247,89041075,424836,75213541,1760,1778,1.73%,1674369,297667898
AGAR,RG,0,0,0,0,0,0,250,250,0.00%,493,12305
AGII,RG,127782,-1550,42,3467,1592,131249,830,827,-0.60%,4837,400053
AGRO,RG,157359,-6688,10231,238598,16919,395957,232,234,-1.69%,74310,1735766
AGRS,RG,89596,-11308,4996,37544,16304,127140,77,77,-1.28%,217848,1673361
AHAP,RG,14868,1920,2540,19679,620,4811,77,77,-2.53%,97939,753407
AIMS,RG,0,0,0,0,0,0,320,301,-1.84%,417,12537
AISA,RG,74355,-5943,6818,85357,12761,159712,123,125,1.65%,236261,2956228
AKKU,RG,0,0,0,0,0,0,27,0,0.00%,0,0
AKPI,RG,1221,-22,0,0,22,1221,555,556,0.00%,286,15914
AKRA,RG,9038618,72886,98098,12166312,25212,3127694,1230,1240,-0.40%,184581,22882281
AKSI,RG,0,0,0,0,0,0,246,240,-0.81%,2526,60723
ALDO,RG,0,0,0,0,0,0,500,499,0.00%,383,19119
ALII,RG,136370,2544,21953,1173960,19409,1037590,535,535,0.94%,23133,1236675
ALKA,RG,0,0,0,0,0,0,316,317,-0.63%,104,3299
ALMI,RG,0,0,0,0,0,0,74,0,0.00%,0,0
ALTO,RG,0,0,0,0,0,0,18,0,0.00%,0,0
AMAG,RG,259,-7,0,0,7,259,370,368,0.00%,711,26200
AMAN,RG,35586,-2842,300,3630,3142,39216,123,124,-1.60%,23037,285207
AMAR,RG,33890,-1615,0,0,1615,33890,210,207,0.96%,9493,196262
AMFG,RG,0,0,0,0,0,0,3330,3321,0.00%,75,24910
AMIN,RG,53904,-2472,0,0,2472,53904,218,220,-3.54%,5866,129188
AMMN,RG,44632083,55649,163175,130917655,107526,86285573,8075,8025,0.62%,255613,205117143
AMOR,RG,2905,61,61,2905,0,0,478,477,0.00%,821,39183
AMRT,RG,29553198,-141121,49698,10435349,190819,39988547,2080,2097,-2.80%,252256,52903868
ANDI,RG,0,0,0,0,0,0,31,31,-8.82%,148287,461571
ANJT,RG,1800,10,10,1800,0,0,1795,1798,0.00%,9125,1640844
ANTM,RG,142414822,416622,751346,256576332,334724,114161510,3390,3412,-2.59%,1424731,486184080
APEX,RG,182188,-14753,68635,867510,83388,1049698,125,126,-1.57%,232828,2924729
APIC,RG,703872,-6194,2362,271248,8556,975119,1140,1141,-1.72%,42472,4846512
APII,RG,0,0,0,0,0,0,176,176,0.00%,611,10770
APLI,RG,0,0,0,0,0,0,480,479,-4.00%,97,4645
APLN,RG,133369,-12653,10327,105054,22980,238423,103,103,-1.90%,153914,1580844
ARCI,RG,17378093,-201825,105521,9119070,307346,26497163,850,862,-5.56%,1078942,93041904
AREA,RG,12929,-252,36,1836,288,14765,515,513,-1.90%,12317,631687
ARGO,RG,1217,-9,0,0,9,1217,1350,1346,1.50%,382,51429
ARII,RG,6490,-244,0,0,244,6490,258,263,-0.77%,666,17505
ARKA,RG,0,0,0,0,0,0,39,38,8.33%,129192,493869
ARKO,RG,79183,595,935,125211,340,46028,1355,1349,0.74%,5499,741563
ARMY,RG,0,0,0,0,0,0,50,0,0.00%,0,0
ARNA,RG,8904,-160,425,24160,585,33063,570,567,0.88%,6231,353358
ARTA,RG,0,0,0,0,0,0,3340,3331,2.14%,34,11327
ARTI,RG,0,0,0,0,0,0,2,0,0.00%,0,0
ARTO,RG,1255,-17,2887,632307,2904,633562,2170,2175,-0.91%,45677,9936862
ASBI,RG,0,0,0,0,0,0,444,436,2.30%,74,3227
ASDM,RG,1679,-30,22,1155,52,2834,540,538,0.00%,162,8715
ASGR,RG,61554,525,1007,118471,482,56917,1185,1177,0.00%,7028,827511
ASHA,RG,0,0,0,0,0,0,42,42,7.69%,58264,244709
ASII,RG,5103108,9207,201339,110019688,192132,104916580,5500,5458,0.00%,269874,147305163
ASJT,RG,0,0,0,0,0,0,110,110,-0.90%,618,6808
ASLC,RG,344626,39648,288834,3027443,249186,2682817,101,105,-8.18%,3052997,31917366
ASLI,RG,0,0,0,0,0,0,50,0,0.00%,0,0
ASMI,RG,0,0,0,0,0,0,29,29,7.41%,22718,65882
ASPI,RG,90667,-2134,0,0,2134,90667,422,420,-1.40%,29301,1229344
ASPR,RG,6687,-719,12,112,731,6798,93,93,-1.06%,93767,872312
ASRI,RG,324058,-18608,16229,278704,34837,602762,173,173,-0.57%,213416,3689392
ASRM,RG,0,0,0,0,0,0,276,276,-1.43%,497,13735
ASSA,RG,360839,-4278,5145,433401,9423,794240,840,840,-1.18%,41947,3523844
ATAP,RG,0,0,0,0,0,0,57,57,9.62%,14512,82718
ATIC,RG,538,-12,7,322,19,860,458,449,3.15%,4020,180609
ATLA,RG,264693,-41763,3943,24995,45706,289687,64,65,-1.54%,1405598,9144647
AUTO,RG,1869580,7834,13613,3247290,5779,1377710,2370,2381,-1.25%,24951,5941266
AVIA,RG,321281,-7533,5258,224240,12791,545521,424,427,-1.40%,32527,1387301
AWAN,RG,34534,1269,17510,454495,16241,419962,256,260,0.00%,193288,5015896
AXIO,RG,0,0,0,0,0,0,127,127,-0.78%,14526,185018
AYAM,RG,1515380,-89186,11523,195349,100709,1710729,171,171,0.00%,1037791,17753511
AYLS,RG,0,0,0,0,0,0,105,104,0.96%,15975,165395
BABP,RG,301540,-48681,8412,52542,57093,354082,61,62,1.67%,1353648,8396207
BABY,RG,77647,2540,7201,219756,4661,142109,304,305,-4.40%,87638,2676723
BACA,RG,210404,15418,15418,210404,0,0,136,137,-0.73%,22244,303638
BAIK,RG,1628,-155,0,0,155,1628,105,105,-0.94%,15261,160215
BAJA,RG,0,0,0,0,0,0,122,122,-0.81%,8969,109560
BALI,RG,856,-6,0,0,6,856,1430,1437,-3.05%,982,141135
BANK,RG,47665,557,13203,1073376,12646,1025711,810,814,-0.61%,71393,5813421
BAPA,RG,9468,1243,1443,11068,200,1600,73,79,7.35%,2237206,17669847
BAPI,RG,2300,-1000,0,0,1000,2300,23,23,4.55%,186525,429008
BATA,RG,0,0,0,0,0,0,51,51,0.00%,78,398
BATR,RG,366294,-29037,0,0,29037,366294,104,123,1.96%,2085721,25676271
BAUT,RG,0,0,0,0,0,0,38,38,0.00%,52296,197641
BAYU,RG,11388,-85,50,6500,135,17888,1320,1309,-0.38%,960,125699
BBCA,RG,34457253,-43612,619595,494274663,663207,528731915,8000,7972,0.31%,1035348,825388010
BBHI,RG,560941,-3517,2594,416064,6111,977004,1570,1597,-2.18%,28189,4503113
BBKP,RG,962138,-120553,165434,1301668,285987,2263805,78,79,-2.50%,1707682,13426030
BBLD,RG,85723,935,1027,94471,92,8748,905,922,0.00%,1289,118904
BBMD,RG,0,0,0,0,0,0,2130,2102,0.47%,72,15135
BBNI,RG,8505132,-19504,86639,37949181,106143,46454313,4370,4378,-0.91%,173462,75947255
BBRI,RG,42740791,-107515,314201,125549539,421716,168290330,4000,3992,-0.74%,874027,348932409
BBRM,RG,73492,-8252,75,660,8327,74152,87,88,-2.25%,116226,1027183
BBSI,RG,11,0,1,388,1,399,4000,3999,-0.25%,119,47591
BBSS,RG,2367,89,89,2367,0,0,262,269,-3.68%,775,20822
BBTN,RG,4482339,-35229,14880,1894077,50109,6376415,1280,1274,0.79%,110694,14099720
BBYB,RG,1817434,56275,77594,2513587,21319,696153,320,324,-1.84%,298092,9660422
BCAP,RG,1830580,-244858,443834,3234154,688692,5064734,75,75,5.63%,4361114,32686041
BCIC,RG,0,0,0,0,0,0,170,0,0.00%,0,0
BCIP,RG,6892,673,7158,67746,6485,60854,94,94,1.08%,50906,480627
BDKR,RG,237588,15040,32022,503927,16982,266339,157,157,-0.63%,149250,2345411
BDMN,RG,329822,1298,1896,479806,598,149984,2540,2521,1.20%,3745,943978
BEBS,RG,0,0,0,0,0,0,5,0,0.00%,0,0
BEEF,RG,134512,-4150,24246,778617,28396,913130,322,322,1.26%,313876,10108841
BEER,RG,13056,-1173,0,0,1173,13056,107,109,-0.93%,17013,185674
BEKS,RG,750,300,300,750,0,0,26,26,4.00%,1364316,3496666
BELI,RG,39565,-1081,0,0,1081,39565,368,365,1.10%,2538,92749
BELL,RG,27872,-3828,18923,144865,22751,172737,71,77,1.43%,3387393,25977447
BESS,RG,515,-5,0,0,5,515,1040,1011,0.97%,1067,107881
BEST,RG,317556,-26430,591,7059,27021,324615,118,120,-0.84%,142887,1709630
BFIN,RG,430394,5688,11943,908168,6255,477774,760,761,0.66%,82921,6311913
BGTG,RG,92493,-8258,6354,69005,14612,161498,110,110,-2.65%,299603,3301066
BHAT,RG,21188,-236,239,21171,475,42358,895,889,-0.56%,13860,1232301
BHIT,RG,11880,-3300,0,0,3300,11880,37,37,0.00%,185983,679546
BIKA,RG,0,0,0,0,0,0,55,0,0.00%,0,0
BIKE,RG,295078,2941,3714,372064,773,76986,1000,1001,0.00%,86572,8661938
BIMA,RG,0,0,0,0,0,0,76,78,5.56%,1621,12591
BINA,RG,1323,-3,0,0,3,1323,4410,4409,0.00%,68,29983
BINO,RG,0,0,0,0,0,0,120,121,-0.83%,5710,69142
BIPI,RG,380594,-47528,48522,393028,96050,773622,81,81,0.00%,550886,4452562
BIPP,RG,0,0,0,0,0,0,49,49,-2.00%,470,2307
BIRD,RG,777119,-4345,698,125334,5043,902452,1790,1790,-0.28%,8760,1568363
BISI,RG,7339,82,82,7339,0,0,890,895,1.14%,648,57981
BJBR,RG,50375,-650,5152,399280,5802,449655,775,775,0.00%,72569,5624045
BJTM,RG,20647,396,902,46453,506,25806,515,512,0.98%,32817,1680081
BKDP,RG,0,0,0,0,0,0,42,42,0.00%,23714,99599
BKSL,RG,9533302,-705595,118488,1603390,824083,11136692,133,135,-2.92%,2164609,29169785
BKSW,RG,461,70,245,1651,175,1190,68,68,0.00%,79685,541504
BLES,RG,93042,-5820,0,0,5820,93042,158,159,-0.63%,43716,697164
BLOG,RG,1325767,23135,29620,1714619,6485,388852,570,583,2.70%,232859,13573563
BLTA,RG,10931,-2666,0,0,2666,10931,41,41,-6.82%,288081,1175776
BLTZ,RG,0,0,0,0,0,0,1800,0,0.00%,0,0
BLUE,RG,7664,-241,0,0,241,7664,318,318,0.00%,622,19806
BMAS,RG,0,0,0,0,0,0,735,739,2.08%,944,69758
BMHS,RG,48612,-2611,3,56,2614,48668,185,185,-1.07%,40996,759265
BMRI,RG,182799460,392376,728931,339685753,336555,156886293,4680,4660,1.30%,887353,413524128
BMSR,RG,3192,-120,0,0,120,3192,252,264,-4.55%,231,6090
BMTR,RG,1286239,87425,192261,2820502,104836,1534263,148,147,2.07%,757090,11092731
BNBA,RG,56878,-739,50,3875,789,60753,775,770,1.97%,3015,232256
BNBR,RG,0,0,0,0,0,0,31,33,0.00%,2373397,7814128
BNGA,RG,1017970,5969,6892,1175367,923,157397,1710,1704,0.88%,14091,2400485
BNII,RG,21200,-1000,0,0,1000,21200,210,213,-0.94%,9966,212241
BNLI,RG,945,3,3,945,0,0,3160,3157,0.64%,1987,627211
BOAT,RG,37263,-3047,3945,47980,6992,85243,121,122,-2.42%,68249,834826
BOBA,RG,6815,-369,0,0,369,6815,183,182,1.10%,2756,50217
BOGA,RG,38377,-667,0,0,667,38377,570,579,-1.72%,4806,278158
BOLA,RG,331748,-17232,0,0,17232,331748,199,194,2.58%,23811,461579
BOLT,RG,0,0,0,0,0,0,1060,1060,-1.40%,108,11443
BOSS,RG,0,0,0,0,0,0,50,0,0.00%,0,0
BPFI,RG,2901,-83,0,0,83,2901,338,346,0.00%,1598,55231
BPII,RG,3192,-56,17,969,73,4161,570,569,0.88%,1160,66042
BPTR,RG,10,-1,0,0,1,10,96,96,-1.03%,2101,20131
BRAM,RG,0,0,0,0,0,0,5125,5166,0.00%,8,4133
BREN,RG,20047020,-23230,38379,33083778,61609,53130798,8625,8624,0.29%,153438,132324328
BRIS,RG,4217815,-15680,50164,13601558,65844,17819373,2720,2708,0.00%,96155,26041853
BRMS,RG,131244847,-2622584,850750,42771768,3473334,174016615,494,501,-5.00%,7248269,363082999
BRNA,RG,10894,150,150,10894,0,0,725,726,-2.03%,203,14745
BRPT,RG,5647048,-25779,128260,28069313,154039,33716361,2200,2186,0.00%,499833,109282710
BRRC,RG,9125,378,94080,779868,93702,788993,76,84,0.00%,2429727,20356152
BSBK,RG,16902,2471,10349,78804,7878,61902,77,77,-2.53%,2052676,15757723
BSDE,RG,258689,2373,63741,7162037,61368,6903349,1120,1121,-2.18%,228579,25630350
BSIM,RG,701,-8,0,0,8,701,885,877,0.00%,301,26405
BSML,RG,439354,-41225,28235,302369,69460,741724,105,108,-2.78%,239061,2574537
BSSR,RG,253714,-640,13,5138,653,258852,3970,3958,0.25%,3234,1280112
BSWD,RG,0,0,0,0,0,0,1410,1410,0.00%,2,282
BTEK,RG,0,0,0,0,0,0,16,16,6.67%,570189,912302
BTEL,RG,0,0,0,0,0,0,50,0,0.00%,0,0
BTON,RG,185,5,5,185,0,0,378,376,2.16%,176,6612
BTPN,RG,420,-2,0,0,2,420,2120,2102,-0.47%,52,10930
BTPS,RG,3453255,23508,54600,8008350,31092,4555095,1460,1466,0.69%,82048,12024622
BUAH,RG,145,-1,0,0,1,145,1435,1438,0.00%,1447,208014
BUDI,RG,0,0,0,0,0,0,220,219,0.00%,192,4207
BUKA,RG,9638794,552526,1521569,26501094,969043,16862300,175,174,0.57%,2035582,35433506
BUKK,RG,0,0,0,0,0,0,880,862,2.33%,139,11980
BULL,RG,1627383,-105716,246725,3812565,352441,5439949,153,155,-0.65%,863144,13345256
BUMI,RG,63734586,-5500723,10256071,118160349,15756794,181894935,112,116,-0.88%,44981554,520580512
BUVA,RG,3272968,-89075,30691,1128489,119766,4401456,356,367,-1.66%,1522657,55867118
BVIC,RG,293671,-26649,3805,42236,30454,335906,111,110,0.91%,121842,1344463
BWPT,RG,0,0,0,0,0,0,159,0,0.00%,0,0
BYAN,RG,0,0,0,0,0,0,18150,18161,0.00%,100,181605
CAKK,RG,0,0,0,0,0,0,142,147,-5.33%,9834,144318
CAMP,RG,106,-5,35,742,40,848,212,213,-0.93%,11020,234241
CANI,RG,0,0,0,0,0,0,43,43,2.38%,5346,22988
CARE,RG,79949,2763,21408,630789,18645,550840,300,295,0.00%,201439,5948314
CARS,RG,959371,-67691,83660,1176513,151351,2135884,135,142,-2.17%,1914372,27106614
CASA,RG,436307,-3859,30,3375,3889,439682,1130,1127,0.00%,42598,4800227
CASS,RG,17369,67,80,20800,13,3431,2580,2604,-2.64%,1166,303606
CBDK,RG,8143600,-12883,4303,2709808,17186,10853408,6275,6302,-1.18%,57851,36458175
CBMF,RG,0,0,0,0,0,0,50,0,0.00%,0,0
CBPE,RG,1012,53,53,1012,0,0,192,193,-1.03%,1586,30621
CBRE,RG,0,0,0,0,0,0,362,362,24.83%,185471,6714050
CBUT,RG,1356,-8,19,2850,27,4206,1510,1526,-4.73%,780,119032
CCSI,RG,18805,-515,796,30289,1311,49094,380,376,2.70%,9451,355267
CDIA,RG,665252,4551,21608,3119402,17057,2454150,1430,1440,-1.04%,357077,51424634
CEKA,RG,1608,-6,0,0,6,1608,2660,2680,-1.12%,68,18227
CENT,RG,17906,1493,4677,57332,3184,39426,120,123,-4.00%,155877,1917563
CFIN,RG,53518,-1699,36,1131,1735,54649,316,315,0.64%,8003,252221
CGAS,RG,391865,-23617,91185,1442557,114802,1834422,153,159,-7.27%,903527,14407661
CHEK,RG,325255,16051,27609,557012,11558,231757,202,201,1.00%,130628,2631298
CHEM,RG,15723,1581,3137,31333,1556,15610,99,100,0.00%,177778,1783920
CINT,RG,0,0,0,0,0,0,159,161,-2.45%,1211,19499
CITA,RG,120210,290,387,160465,97,40255,4120,4141,-0.24%,1269,525548
CITY,RG,81752,-7684,0,0,7684,81752,105,106,1.94%,90607,963083
CLAY,RG,0,0,0,0,0,0,1505,1498,0.33%,1351,202342
CLEO,RG,950338,-17095,13432,745629,30527,1695967,555,555,0.00%,113822,6315828
CLPI,RG,126,-1,0,0,1,126,1245,1243,0.81%,1050,130532
CMNP,RG,10626,-79,0,0,79,10626,1350,1349,0.00%,546,73632
CMNT,RG,2793388,-34284,28240,2313759,62524,5107147,815,816,-4.12%,266763,21756231
CMPP,RG,0,0,0,0,0,0,93,93,0.00%,371,3450
CMRY,RG,274018,-554,714,352070,1268,626088,4980,4939,0.61%,3749,1851772
CNKO,RG,318885,-29156,0,0,29156,318885,108,108,8.00%,1340814,14511307
CNMA,RG,9718,-659,35132,462887,35791,472606,132,132,-0.75%,269644,3560016
CNTX,RG,0,0,0,0,0,0,142,0,0.00%,0,0
COAL,RG,46524,7754,7754,46524,0,0,59,60,7.27%,538013,3221622
COCO,RG,522776,8655,9171,554595,516,31819,615,610,-8.21%,105905,6456690
COIN,RG,274395,1628,17663,4379249,16035,4104854,2640,2536,1.93%,298094,75582864
COWL,RG,0,0,0,0,0,0,50,0,0.00%,0,0
CPIN,RG,1265552,-2906,21587,9731154,24493,10996706,4520,4504,2.03%,84899,38234970
CPRI,RG,0,0,0,0,0,0,50,0,0.00%,0,0
CPRO,RG,4488069,-752431,792654,4688083,1545085,9176153,58,59,-1.69%,3895447,23065998
CRAB,RG,14399,-605,26,619,631,15018,238,238,-0.83%,8751,208494
CRSN,RG,0,0,0,0,0,0,113,112,-1.74%,11919,134085
CSAP,RG,1320,-45,0,0,45,1320,292,293,0.00%,1558,45649
CSIS,RG,0,0,0,0,0,0,119,117,0.00%,25616,300599
CSMI,RG,0,0,0,0,0,0,398,402,-3.40%,4999,201049
CSRA,RG,243583,2844,5513,478473,2669,234890,860,874,2.99%,21415,1871633
CTBN,RG,0,0,0,0,0,0,5125,0,0.00%,0,0
CTRA,RG,8157236,82322,176013,17448308,93691,9291072,990,991,0.00%,328934,32591329
CTTH,RG,0,0,0,0,0,0,42,42,0.00%,223,937
CUAN,RG,11360044,73559,212325,32293360,138766,20933316,1530,1514,0.66%,569095,86143791
CYBR,RG,570064,5697,106389,10189461,100692,9619397,965,956,1.58%,179607,17172527
DAAZ,RG,19025,-60,0,0,60,19025,3140,3149,-0.32%,857,269886
DADA,RG,8400,-2000,0,0,2000,8400,42,42,7.69%,92942,390356
DART,RG,0,0,0,0,0,0,164,165,0.61%,457,7533
DATA,RG,0,0,0,0,0,0,4560,0,0.00%,0,0
DAYA,RG,1623,-16,0,0,16,1623,1020,1013,0.49%,100,10125
DCII,RG,0,0,0,0,0,0,325025,328548,-0.82%,23,755660
DEAL,RG,0,0,0,0,0,0,6,0,0.00%,0,0
DEFI,RG,424,-10,0,0,10,424,398,406,3.11%,805,32692
DEPO,RG,4111,205,229,4595,24,485,200,200,1.01%,10960,218922
DEWA,RG,1655269,-76794,474710,10819387,551504,12474656,222,227,-1.77%,2424745,55034829
DEWI,RG,377730,-34563,23305,254212,57868,631942,110,109,0.00%,451737,4939898
DFAM,RG,4239,527,732,6023,205,1784,81,85,-5.81%,144859,1232723
DGIK,RG,54907,5714,6021,57852,307,2944,95,96,-4.04%,64736,622641
DGNS,RG,44,-3,8,118,11,162,148,147,1.37%,3356,49270
DGWG,RG,23204,-615,12729,536038,13344,559242,418,421,-1.42%,89331,3757184
DIGI,RG,0,0,0,0,0,0,31,31,-8.82%,31097,97398
DILD,RG,184602,-13362,3566,48886,16928,233488,138,138,0.00%,72716,1001904
DIVA,RG,89658,-6886,909,12181,7795,101838,126,130,-5.26%,95246,1241340
DKFT,RG,20812349,-280160,37691,2740673,317851,23553021,710,736,-8.97%,870912,64090727
DKHH,RG,74195,-6636,80,872,6716,75067,109,110,-2.68%,152470,1678755
DLTA,RG,0,0,0,0,0,0,1965,1959,-0.51%,1989,389634
DMAS,RG,1326236,-96318,27924,385021,124242,1711257,137,138,-0.72%,369333,5099495
DMMX,RG,209636,-5198,11594,412877,16792,622513,360,365,7.78%,106155,3876360
DMND,RG,1026,-18,0,0,18,1026,570,569,-0.87%,419,23857
DNAR,RG,4695,-388,0,0,388,4695,120,121,-1.64%,28673,347264
DNET,RG,923,-1,0,0,1,923,9300,9280,1.09%,105,97435
DOID,RG,233871,-5239,61058,2211160,66297,2445031,360,365,-2.70%,418483,15279247
DOOH,RG,1617489,-108163,214637,3109288,322800,4726776,143,148,0.70%,2551176,37686899
DOSS,RG,18948,-1309,0,0,1309,18948,140,143,-1.41%,15168,217155
DPNS,RG,0,0,0,0,0,0,260,262,0.00%,582,15230
DPUM,RG,1962,-293,167,1136,460,3098,68,73,3.03%,988096,7191683
DRMA,RG,182492,1842,3756,376251,1914,193759,985,1002,-2.48%,12760,1278735
DSFI,RG,11878,-1291,4160,35679,5451,47556,84,86,2.44%,377191,3243151
DSNG,RG,1894282,11736,131569,21456638,119833,19562356,1625,1635,-3.27%,432662,70743198
DSSA,RG,60962840,-5880,24986,269585265,30866,330548105,106200,107324,-3.28%,37859,406317293
DUCK,RG,0,0,0,0,0,0,176,0,0.00%,0,0
DUTI,RG,0,0,0,0,0,0,4250,4581,-5.56%,595,272568
DVLA,RG,1589,10,10,1589,0,0,1600,1572,0.31%,1041,163632
DWGL,RG,46,-2,0,0,2,46,230,226,0.00%,897,20311
DYAN,RG,5441,-585,0,0,585,5441,90,92,1.12%,35421,324724
EAST,RG,301461,-31959,0,0,31959,301461,95,95,-1.04%,70092,665119
ECII,RG,0,0,0,0,0,0,186,185,-2.11%,4814,89279
EDGE,RG,2976,-7,5,2126,12,5102,4250,4235,-0.23%,154,65212
EKAD,RG,0,0,0,0,0,0,187,187,-0.53%,1246,23254
ELIT,RG,102637,5468,7880,148611,2412,45974,188,189,-1.57%,119523,2259672
ELPI,RG,3063,-81,53,1995,134,5058,378,375,-1.56%,15580,583573
ELSA,RG,779190,15607,29646,1479069,14039,699879,498,499,-0.40%,109054,5442551
ELTY,RG,0,0,0,0,0,0,17,17,-5.56%,1051060,1786802
EMDE,RG,0,0,0,0,0,0,97,98,-2.02%,41441,406995
EMTK,RG,19544025,-150265,333775,44032326,484040,63576351,1305,1318,-2.61%,1011636,133358107
ENAK,RG,376750,-5500,0,0,5500,376750,700,688,-0.71%,8407,578100
ENRG,RG,43195302,-720144,236839,14356910,956983,57552212,600,601,-6.25%,2067489,124231480
ENVY,RG,0,0,0,0,0,0,50,0,0.00%,0,0
ENZO,RG,0,0,0,0,0,0,40,39,0.00%,2231,8787
EPAC,RG,0,0,0,0,0,0,36,40,-10.00%,111365,448195
EPMT,RG,916,4,4,916,0,0,2290,2300,-0.87%,1017,233885
ERAA,RG,2495193,56530,191736,8488225,135206,5993033,444,443,0.45%,382505,16949123
ERAL,RG,746804,-23055,10895,353562,33950,1100366,324,323,0.00%,81158,2624014
ERTX,RG,13264,-983,749,9579,1732,22842,125,128,4.17%,131632,1690660
ESIP,RG,0,0,0,0,0,0,50,50,2.04%,6481,32146
ESSA,RG,6462346,107083,192645,11679731,85562,5217386,605,609,2.54%,1066296,64953533
ESTA,RG,0,0,0,0,0,0,69,69,-2.82%,65484,451018
ESTI,RG,0,0,0,0,0,0,54,53,0.00%,6021,31856
ETWA,RG,0,0,0,0,0,0,70,0,0.00%,0,0
EXCL,RG,7676266,-28273,19377,5288874,47650,12965140,2740,2725,-0.36%,92860,25300263
FAPA,RG,77308,-130,0,0,130,77308,5925,5946,-0.42%,135,80270
FAST,RG,176300,-5279,69,2250,5348,178550,336,333,1.82%,19195,638753
FASW,RG,0,0,0,0,0,0,5275,0,0.00%,0,0
FILM,RG,5396541,14327,115632,41017750,101305,35621209,3800,3587,14.80%,346992,124455748
FIRE,RG,237,-31,142,1122,173,1359,79,81,1.28%,214486,1737419
FISH,RG,0,0,0,0,0,0,10350,0,0.00%,0,0
FITT,RG,2144,556,8355,332411,7799,330267,368,411,-2.13%,82525,3388632
FMII,RG,294,-8,0,0,8,294,356,362,-1.11%,383,13848
FOLK,RG,0,0,0,0,0,0,76,77,-3.80%,24698,190706
FOOD,RG,0,0,0,0,0,0,118,118,0.00%,655,7729
FORE,RG,255941,4969,14845,772230,9876,516290,520,519,-0.95%,97086,5035891
FORU,RG,14181,-119,0,0,119,14181,1170,1200,0.00%,3192,382919
FPNI,RG,0,0,0,0,0,0,192,193,0.00%,6702,129134
FUJI,RG,17942,-344,1312,64268,1656,82210,402,404,-10.67%,1163486,47039989
FUTR,RG,2993887,-101862,183297,4883128,285159,7877015,260,271,-2.26%,3613717,97906828
FWCT,RG,46489,-2891,0,0,2891,46489,160,160,0.00%,11951,191607
GAMA,RG,0,0,0,0,0,0,18,0,0.00%,0,0
GDST,RG,0,0,0,0,0,0,109,108,0.00%,2433,26363
GDYR,RG,0,0,0,0,0,0,1185,1186,-0.42%,23,2728
GEMA,RG,232795,-18793,3259,39883,22052,272678,121,124,3.42%,297066,3674850
GEMS,RG,341720,-372,72,66348,444,408068,9200,9187,0.00%,1825,1676623
GGRM,RG,6758858,7722,8654,7574800,932,815943,8800,8752,2.62%,10471,9164050
GGRP,RG,0,0,0,0,0,0,236,237,5.36%,19783,469598
GHON,RG,1678,10,15,2543,5,865,1685,1707,0.00%,95,16215
GIAA,RG,1035,150,150,1035,0,0,69,67,4.55%,204521,1379497
GJTL,RG,689077,-6667,1450,149367,8117,838444,1030,1029,0.00%,39184,4030106
GLOB,RG,4115,-722,0,0,722,4115,57,57,0.00%,1426,8128
GLVA,RG,0,0,0,0,0,0,326,327,-0.61%,216,7059
GMFI,RG,0,0,0,0,0,0,62,62,-1.59%,5257,32641
GMTD,RG,0,0,0,0,0,0,2260,2260,0.00%,2,452
GOLD,RG,0,0,0,0,0,0,258,259,0.00%,113,2925
GOLF,RG,132362,-6166,57,1235,6223,133597,210,213,-5.41%,72610,1543244
GOLL,RG,0,0,0,0,0,0,50,0,0.00%,0,0
GOOD,RG,2976,-80,0,0,80,2976,372,372,0.54%,2447,91150
GOTO,RG,21016102,3556035,11085303,64936413,7529268,43920311,59,58,1.72%,16210199,94746418
GPRA,RG,445334,-32140,151256,2017891,183396,2463224,129,135,-2.27%,1398060,18896013
GPSO,RG,713501,-25516,957,27203,26473,740704,270,281,-3.57%,78951,2216786
GRIA,RG,774339,-53882,25064,326623,78946,1100962,125,137,4.17%,1076778,14761026
GRPH,RG,54825,-7172,759,5450,7931,60276,72,74,-8.86%,500247,3684300
GSMF,RG,311,-6,1558,17866,1564,18177,113,115,-3.42%,107579,1233006
GTBO,RG,730,-37,0,0,37,730,197,196,0.51%,1517,29782
GTRA,RG,0,0,0,0,0,0,139,139,-1.42%,8521,118315
GTSI,RG,111745,-12004,466,4316,12470,116061,92,93,-2.13%,663591,6187067
GULA,RG,46523,-1383,76,2506,1459,49029,326,334,-2.98%,13247,441816
GUNA,RG,0,0,0,0,0,0,242,242,1.68%,2015,48801
GWSA,RG,2170,140,140,2170,0,0,155,154,0.65%,4299,66117
GZCO,RG,1579007,-69447,79538,1764277,148985,3343284,218,222,0.93%,1627183,36091557
HADE,RG,0,0,0,0,0,0,33,33,10.00%,30195,99644
HAIS,RG,82214,-4282,10,193,4292,82407,192,192,-1.03%,37726,724357
HALO,RG,15749,1833,1978,17011,145,1262,85,86,-3.41%,46836,400620
HATM,RG,807233,-31918,18042,459238,49960,1266471,250,254,-3.10%,237539,6045167
HDFA,RG,0,0,0,0,0,0,125,125,0.00%,1031,12904
HDIT,RG,0,0,0,0,0,0,60,59,-1.64%,137712,810212
HEAL,RG,6460752,-39528,2605,425157,42133,6885909,1635,1634,1.87%,83303,13607586
HELI,RG,0,0,0,0,0,0,250,251,-1.57%,5317,133544
HERO,RG,40,-1,0,0,1,40,396,393,1.02%,52,2044
HEXA,RG,546933,-989,68,37433,1057,584365,5525,5529,-0.45%,3083,1704580
HGII,RG,100697,-6860,344,4933,7204,105630,147,146,-0.68%,84239,1230072
HILL,RG,48070,-2325,686,14115,3011,62185,208,208,0.00%,1139645,23700128
HITS,RG,0,0,0,0,0,0,116,0,0.00%,0,0
HKMU,RG,0,0,0,0,0,0,50,0,0.00%,0,0
HMSP,RG,327375,-6207,7389,397396,13596,724771,535,534,0.00%,57344,3059477
HOKI,RG,15841,-1975,2690,21479,4665,37320,79,80,-1.25%,307740,2456607
HOME,RG,0,0,0,0,0,0,50,0,0.00%,0,0
HOMI,RG,29228,-1337,0,0,1337,29228,212,217,0.95%,11839,257282
HOPE,RG,0,0,0,0,0,0,162,162,9.46%,41954,679655
HOTL,RG,0,0,0,0,0,0,50,0,0.00%,0,0
HRME,RG,0,0,0,0,0,0,39,39,8.33%,7454,29071
HRTA,RG,25849030,-299151,173538,14878938,472689,40727968,835,857,-8.24%,1464262,125516860
HRUM,RG,1986834,-18152,121588,12775163,139740,14761997,1035,1053,-3.72%,913522,96170967
HUMI,RG,1298245,80655,208659,3386131,128004,2087886,161,163,-3.01%,1908316,31195519
HYGN,RG,0,0,0,0,0,0,160,156,1.91%,11693,182710
IATA,RG,0,0,0,0,0,0,59,60,-1.67%,134712,806869
IBFN,RG,0,0,0,0,0,0,30,30,0.00%,13591,40773
IBST,RG,0,0,0,0,0,0,5975,5975,-9.81%,30,17925
ICBP,RG,6730503,7271,16798,15546788,9527,8816285,9250,9256,-0.54%,27402,25362198
ICON,RG,0,0,0,0,0,0,50,51,-3.85%,16623,83979
IDPR,RG,536,22,22,536,0,0,240,242,-2.44%,3820,92540
IFII,RG,30845,-1224,0,0,1224,30845,252,251,3.28%,22973,576587
IFSH,RG,4335,-54,15,1257,69,5591,780,796,-0.64%,884,70358
IGAR,RG,0,0,0,0,0,0,525,516,0.00%,283,14610
IIKP,RG,0,0,0,0,0,0,50,0,0.00%,0,0
IKAI,RG,0,0,0,0,0,0,22,22,10.00%,100380,220836
IKAN,RG,19377,-674,45627,682365,46301,701742,142,152,4.41%,3531408,53683851
IKBI,RG,7198,139,304,15808,165,8611,498,513,-9.45%,10809,554323
IKPM,RG,13098,590,590,13098,0,0,224,225,-0.88%,8853,199054
IMAS,RG,3556,29,265,30505,236,26949,1130,1145,-3.42%,7371,843892
IMJS,RG,219874,-9046,18576,449899,27622,669773,238,242,-4.80%,88725,2146812
IMPC,RG,32796913,-229652,60980,8511207,290632,41308120,1430,1416,-0.69%,836347,118447236
INAF,RG,0,0,0,0,0,0,126,0,0.00%,0,0
INAI,RG,0,0,0,0,0,0,157,156,0.00%,755,11793
INCF,RG,0,0,0,0,0,0,42,42,5.00%,31413,131577
INCI,RG,0,0,0,0,0,0,610,603,0.00%,1373,82809
INCO,RG,9240753,-23613,34082,13280776,57695,22521529,3910,3900,-0.76%,120345,46937674
INDF,RG,13865958,-18254,15091,11461005,33345,25326963,7525,7592,-2.27%,42369,32164613
INDO,RG,15537,781,3805,80855,3024,65318,218,215,-1.80%,67065,1438848
INDR,RG,23312,-87,50,12800,137,36112,2550,2606,-2.30%,745,194116
INDS,RG,3530,-159,0,0,159,3530,222,223,-1.77%,1408,31452
INDX,RG,89877,-10299,0,0,10299,89877,86,87,-4.44%,49715,434268
INDY,RG,25945191,-153493,246221,40032181,399714,65977372,1570,1650,-5.42%,1708771,281964210
INET,RG,102608,6531,202576,4515204,196045,4412596,220,224,-2.65%,1774348,39668950
INKP,RG,2690878,-3374,5413,4292515,8787,6983393,7900,7923,-1.25%,29383,23279638
INOV,RG,10,-1,0,0,1,10,99,99,-1.00%,6067,60052
INPC,RG,9649,-537,33115,560363,33652,570013,169,169,-2.31%,186050,3142568
INPP,RG,0,0,0,0,0,0,800,797,2.56%,448,35702
INPS,RG,0,0,0,0,0,0,112,112,0.90%,1104,12349
INRU,RG,61944,-687,0,0,687,61944,835,877,-5.11%,14826,1300486
INTA,RG,97550,-44341,0,0,44341,97550,23,22,9.52%,148430,329875
INTD,RG,0,0,0,0,0,0,194,196,0.52%,2396,46923
INTP,RG,2271320,-3271,2471,1712575,5742,3983895,6900,6938,-1.43%,10809,7498845
IOTF,RG,431676,-34039,256309,2765492,290348,3197168,102,109,0.00%,3681420,40303406
IPCC,RG,1057586,9556,9944,1100643,388,43057,1110,1106,1.37%,23458,2594571
IPCM,RG,55918,-1915,0,0,1915,55918,294,292,0.68%,20634,602601
IPOL,RG,0,0,0,0,0,0,139,140,0.72%,251,3520
IPPE,RG,0,0,0,0,0,0,14,0,0.00%,0,0
IPTV,RG,148050,35250,35250,148050,0,0,42,42,-4.55%,112485,475120
IRRA,RG,600,-14,0,0,14,600,426,428,0.00%,5400,231018
IRSX,RG,0,0,0,0,0,0,116,0,0.00%,0,0
ISAT,RG,1139845,5797,39593,7769009,33796,6629165,1965,1962,0.77%,73765,14472535
ISEA,RG,173119,-16396,1040,11247,17436,184366,92,105,6.98%,3111167,32524743
ISSP,RG,12510,-295,2226,91859,2521,104369,414,414,-1.43%,20482,846983
ITIC,RG,49828,-2284,3653,79567,5937,129395,224,219,0.90%,7434,162585
ITMA,RG,681114,6282,12518,1367239,6236,686125,1090,1097,1.40%,21147,2320132
ITMG,RG,3053633,-1370,1724,3849333,3094,6902965,22350,22317,0.34%,10168,22691528
JARR,RG,0,0,0,0,0,0,1665,0,0.00%,0,0
JAST,RG,12710,1270,3490,35613,2220,22903,103,103,-0.96%,46801,480477
JATI,RG,29613,2114,2432,34047,318,4434,139,139,0.72%,28815,401168
JAWA,RG,298,-20,0,0,20,298,148,147,-3.27%,22416,330210
JAYA,RG,0,0,0,0,0,0,96,95,1.05%,4267,40443
JECC,RG,135,-1,10,1145,11,1280,1150,1161,-0.43%,1881,218328
JGLE,RG,160,100,100,160,0,0,16,16,-5.88%,800025,1280040
JIHD,RG,11212,-142,401,28095,543,39307,690,704,-3.50%,12776,898825
JKON,RG,200967,-20636,10816,104731,31452,305698,93,96,-7.00%,329802,3173261
JMAS,RG,0,0,0,0,0,0,148,149,-2.63%,1841,27452
JPFA,RG,30927865,-173028,214249,38021942,387277,68949807,1760,1782,4.76%,1098034,195658199
JRPT,RG,1875,-23,6,489,29,2364,805,808,0.00%,2533,204761
JSKY,RG,0,0,0,0,0,0,52,0,0.00%,0,0
JSMR,RG,5576408,16237,19201,6593569,2964,1017161,3430,3432,0.59%,31392,10773519
JSPT,RG,0,0,0,0,0,0,3990,4007,-0.50%,79,31659
JTPE,RG,3759,115,166,5412,51,1652,326,325,0.00%,49129,1597203
KAEF,RG,2222,-44,0,0,44,2222,505,503,-0.98%,4447,223864
KAQI,RG,192306,26274,35297,257545,9023,65239,72,72,1.41%,325767,2356680
KARW,RG,0,0,0,0,0,0,640,648,0.00%,2163,140131
KAYU,RG,0,0,0,0,0,0,18,0,0.00%,0,0
KBAG,RG,0,0,0,0,0,0,42,41,-2.33%,60709,249513
KBLI,RG,0,0,0,0,0,0,378,376,0.00%,471,17709
KBLM,RG,39,-1,0,0,1,39,388,389,-1.02%,2642,102864
KBLV,RG,31320,1637,45146,1041230,43509,1009910,220,228,-9.09%,879756,20100135
KBRI,RG,0,0,0,0,0,0,50,0,0.00%,0,0
KDSI,RG,0,0,0,0,0,0,474,465,0.85%,77,3584
KDTN,RG,0,0,0,0,0,0,118,118,-0.84%,683,8073
KEEN,RG,213107,2553,4495,376118,1942,163011,835,835,-0.60%,27971,2335391
KEJU,RG,104379,-1714,184,11148,1898,115527,600,604,-2.44%,9663,583407
KETR,RG,25546,-64,24503,1595973,24567,1621518,660,646,15.79%,462131,29839979
KIAS,RG,0,0,0,0,0,0,21,0,0.00%,0,0
KICI,RG,979,68,68,979,0,0,140,145,0.72%,14154,205171
KIJA,RG,4268834,-213446,163084,3253815,376530,7522649,202,200,-1.94%,2689132,53789644
KINO,RG,1014,-8,5,632,13,1646,1260,1250,2.44%,1308,163548
KIOS,RG,5244,-653,19934,177535,20587,182780,84,88,2.44%,2028146,17879826
KJEN,RG,0,0,0,0,0,0,131,129,0.77%,8519,110068
KKES,RG,0,0,0,0,0,0,39,39,-2.50%,22868,89213
KKGI,RG,166866,-5034,2096,69458,7130,236324,332,331,-0.60%,31238,1035215
KLAS,RG,16316,-1205,25,335,1230,16651,134,134,-1.47%,23074,309279
KLBF,RG,17934816,-151644,607639,71635444,759283,89570260,1180,1180,0.00%,933463,110166826
KMDS,RG,29098,-457,157,9891,614,38989,635,635,-0.78%,3526,223810
KMTR,RG,47157,1537,1633,50189,96,3032,308,313,-3.14%,12049,377131
KOBX,RG,0,0,0,0,0,0,141,141,-1.40%,3857,54399
KOCI,RG,59706,-8993,2110,13926,11103,73632,65,66,0.00%,410067,2715512
KOIN,RG,0,0,0,0,0,0,72,72,2.86%,33,238
KOKA,RG,147032,-15125,483,4637,15608,151669,96,97,-2.04%,64222,621979
KONI,RG,3511,19,28,5364,9,1853,1925,1934,-7.89%,631,122030
KOPI,RG,0,0,0,0,0,0,340,337,0.59%,615,20738
KOTA,RG,0,0,0,0,0,0,30,30,7.14%,209118,627354
KPAS,RG,0,0,0,0,0,0,0,0,0.00%,0,0
KPIG,RG,4725347,264885,583757,10874679,318872,6149333,200,194,11.73%,3307793,64029762
KRAS,RG,326052,10729,32932,1001744,22203,675693,304,304,-1.30%,147288,4474812
KREN,RG,85000,-50000,0,0,50000,85000,17,17,6.25%,1708994,2905290
KRYA,RG,236687,-11345,6126,126995,17471,363682,206,207,-0.96%,81121,1677151
KSIX,RG,0,0,0,0,0,0,234,233,0.00%,1913,44597
KUAS,RG,3387,-464,0,0,464,3387,73,73,2.82%,131248,958437
LABA,RG,0,0,0,0,0,0,358,0,0.00%,0,0
LABS,RG,0,0,0,0,0,0,142,142,-1.39%,5126,72796
LAJU,RG,762191,-86697,265449,2122385,352146,2884576,69,81,4.55%,14907652,120866485
LAND,RG,3720,930,930,3720,0,0,40,42,-4.76%,103533,435606
LAPD,RG,0,0,0,0,0,0,118,0,0.00%,0,0
LCGP,RG,0,0,0,0,0,0,114,0,0.00%,0,0
LCKM,RG,2503,-116,0,0,116,2503,214,216,-0.93%,147,3168
LEAD,RG,29071,-3727,2210,17238,5937,46309,75,77,-5.06%,189630,1459105
LIFE,RG,0,0,0,0,0,0,17100,0,0.00%,0,0
LINK,RG,3140,10,10,3140,0,0,3140,3212,-9.77%,1039,333776
LION,RG,0,0,0,0,0,0,352,354,-2.76%,317,11208
LIVE,RG,36411,-2193,206,3412,2399,39823,166,166,0.00%,45476,754081
LMAS,RG,0,0,0,0,0,0,50,0,0.00%,0,0
LMPI,RG,0,0,0,0,0,0,141,142,-1.40%,3186,45248
LMSH,RG,0,0,0,0,0,0,256,0,0.00%,0,0
LPCK,RG,33553,-525,44,2763,569,36315,625,634,-3.10%,17095,1083875
LPGI,RG,4606,-101,0,0,101,4606,444,446,0.45%,997,44433
LPIN,RG,4859,-116,0,0,116,4859,418,418,-0.95%,1353,56521
LPKR,RG,719202,71096,213476,2154958,142380,1435756,101,101,-0.98%,774940,7804700
LPLI,RG,1396,59,322,10179,263,8783,316,317,-1.86%,8547,270936
LPPF,RG,318706,1976,6304,1013807,4328,695101,1610,1608,0.31%,9189,1477171
LPPS,RG,64949,-7316,407,3398,7723,68347,85,86,0.00%,153983,1324488
LRNA,RG,0,0,0,0,0,0,174,174,-2.25%,95,1656
LSIP,RG,1148979,-8496,15091,2039438,23587,3188417,1340,1350,-2.19%,47692,6439446
LTLS,RG,0,0,0,0,0,0,850,854,0.00%,601,51315
LUCK,RG,0,0,0,0,0,0,83,84,0.00%,22210,185761
MABA,RG,0,0,0,0,0,0,50,0,0.00%,0,0
MAGP,RG,0,0,0,0,0,0,50,0,0.00%,0,0
MAHA,RG,74590,-5433,744,10128,6177,84718,136,137,-0.73%,22373,305857
MAIN,RG,78703,-1133,5003,344888,6136,423590,680,693,1.49%,55551,3848395
MAPA,RG,3548946,-57769,7126,438170,64895,3987116,620,615,1.64%,161876,9962278
MAPB,RG,0,0,0,0,0,0,1750,1711,1.74%,103,17621
MAPI,RG,589822,-5093,16342,1931042,21435,2520864,1170,1177,-0.85%,69443,8170798
MARI,RG,0,0,0,0,0,0,34,34,3.03%,22925,77945
MARK,RG,557967,-8769,3791,240731,12560,798698,635,640,-0.78%,39304,2515327
MASA,RG,0,0,0,0,0,0,6200,0,0.00%,0,0
MASB,RG,0,0,0,0,0,0,3340,3285,-0.30%,8,2628
MAXI,RG,134481,-22805,7888,46289,30693,180770,58,60,-3.33%,1123075,6729106
MAYA,RG,396160,-17398,272,6202,17670,402362,228,228,0.88%,67500,1538342
MBAP,RG,38820,-238,0,0,238,38820,1620,1627,-0.61%,668,108712
MBMA,RG,17675507,-405215,175691,7721688,580906,25397195,428,437,-2.28%,2492779,108812015
MBSS,RG,33019,-212,1518,242773,1730,275792,1555,1599,-2.51%,32479,5192505
MBTO,RG,5128,-405,131,1664,536,6792,126,127,0.00%,2790,35443
MCAS,RG,84,1,1,84,0,0,835,832,-0.60%,684,56910
MCOL,RG,13566,36,40,15066,4,1500,3780,3715,-0.53%,659,244809
MCOR,RG,116271,-15254,192,1459,15446,117731,76,76,-1.30%,35498,270296
MDIA,RG,44585,-12050,0,0,12050,44585,37,37,8.82%,45335,167740
MDIY,RG,1603832,15101,24598,2623579,9497,1019748,1060,1066,-1.85%,29751,3172226
MDKA,RG,22955669,88272,383243,101739605,294971,78783936,2620,2661,2.75%,1913561,509204840
MDKI,RG,0,0,0,0,0,0,158,158,-0.63%,4792,75686
MDLA,RG,133625,6345,32049,738147,25704,604522,230,232,-4.17%,145339,3365102
MDLN,RG,17677,2485,3723,26467,1238,8790,69,72,-1.43%,1000846,7163161
MDRN,RG,0,0,0,0,0,0,33,32,10.00%,463470,1493480
MEDC,RG,1405626,-11356,152463,18827349,163819,20232975,1250,1240,0.00%,364439,45205766
MEDS,RG,180,-10,486,3535,496,3715,67,81,-10.67%,4677359,38084709
MEGA,RG,1296,4,5,1618,1,322,3220,3216,-0.31%,173,55635
MERI,RG,47959,-1983,5779,141801,7762,189760,244,244,-0.81%,31359,765768
MERK,RG,840,3,3,840,0,0,2800,2810,0.36%,74,20792
META,RG,0,0,0,0,0,0,238,0,0.00%,0,0
MFIN,RG,12843,-106,280,32541,386,45383,1160,1164,-2.93%,5206,605917
MFMI,RG,0,0,0,0,0,0,1300,0,0.00%,0,0
MGNA,RG,0,0,0,0,0,0,42,42,7.69%,15414,64739
MGRO,RG,263092,-3734,2462,174597,6196,437689,715,710,0.00%,45220,3209330
MHKI,RG,17109,1050,11946,179135,10896,162026,145,148,-3.33%,292011,4321568
MICE,RG,0,0,0,0,0,0,498,497,-0.40%,203,10095
MIDI,RG,403464,-9108,13990,621051,23098,1024515,440,443,-2.22%,48536,2150071
MIKA,RG,8312779,-34995,16410,3908934,51405,12221713,2400,2379,0.42%,80288,19099964
MINA,RG,1035422,-57396,17786,321284,75182,1356705,177,180,-3.80%,2260227,40608843
MINE,RG,604867,-10586,7444,426954,18030,1031820,570,572,-3.39%,60796,3480237
MIRA,RG,195098,-28275,0,0,28275,195098,67,68,-9.46%,282900,1930515
MITI,RG,79511,-2927,4722,128411,7649,207922,264,273,1.54%,85094,2319782
MKAP,RG,0,0,0,0,0,0,360,363,-0.55%,1982,71973
MKNT,RG,0,0,0,0,0,0,1,0,0.00%,0,0
MKPI,RG,183740,74,74,183740,0,0,24750,24735,-1.00%,83,205300
MKTR,RG,39160,-2795,6228,80597,9023,119756,136,133,0.00%,224666,2982635
MLBI,RG,262140,-446,9,5265,455,267405,5875,5874,-0.42%,1168,686025
MLIA,RG,86753,2430,3689,132245,1259,45492,360,359,0.00%,37216,1336720
MLPL,RG,35184,2550,86636,1196728,84086,1161544,136,138,-2.86%,715611,9848143
MLPT,RG,0,0,0,0,0,0,77925,77987,0.10%,361,2815330
MMIX,RG,107163,3822,11406,322605,7584,215442,300,287,7.14%,56678,1624816
MMLP,RG,134248,2463,2531,137940,68,3692,540,541,-0.92%,31722,1716482
MNCN,RG,3368620,128620,140555,3681312,11935,312692,266,261,1.53%,399133,10436323
MOLI,RG,15272,-719,1001,20441,1720,35713,208,207,1.96%,23761,492575
MORA,RG,1665,-37,0,0,37,1665,440,440,0.00%,777,34161
MPIX,RG,15494,2144,3048,21822,904,6328,72,74,2.86%,723504,5343629
MPMX,RG,44818,-469,39,3742,508,48559,960,957,0.00%,17891,1712442
MPOW,RG,119,-10,10,117,20,236,117,117,-0.85%,6722,78434
MPPA,RG,162497,22659,54583,390503,31924,228006,69,71,-4.17%,483912,3415673
MPRO,RG,896,-2,0,0,2,896,4500,4490,0.00%,443,198919
MPXL,RG,2827,-234,956,11958,1190,14786,126,125,0.80%,53905,675290
MRAT,RG,0,0,0,0,0,0,234,235,-2.50%,2304,54138
MREI,RG,140600,1500,1500,140600,0,0,930,937,1.09%,1847,173121
MSIN,RG,4413603,76513,869695,51126555,793182,46712952,665,606,24.30%,1616123,97936398
MSJA,RG,16902,-556,65,1976,621,18878,304,303,0.00%,23226,703820
MSKY,RG,206618,-19065,99970,969117,119035,1175735,108,102,28.57%,6182933,63337132
MSTI,RG,50852,-328,4692,726842,5020,777693,1550,1550,-0.64%,11304,1751993
MTDL,RG,179474,3015,15335,921754,12320,742280,600,602,0.00%,79961,4813439
MTEL,RG,110500,-1848,1698,100125,3546,210625,590,590,-0.84%,23844,1407222
MTFN,RG,0,0,0,0,0,0,14,14,-6.67%,1473257,2062560
MTLA,RG,0,0,0,0,0,0,440,440,0.46%,334,14689
MTMH,RG,428781,-3087,59,8097,3146,436878,1290,1353,-8.19%,22328,3021322
MTPS,RG,0,0,0,0,0,0,45,47,-2.17%,5215,24283
MTRA,RG,0,0,0,0,0,0,244,0,0.00%,0,0
MTSM,RG,0,0,0,0,0,0,500,0,0.00%,0,0
MTWI,RG,0,0,0,0,0,0,382,377,-0.52%,1405,52956
MUTU,RG,28644,-2916,0,0,2916,28644,97,99,-2.02%,83611,828209
MYOH,RG,19719,-117,7,1162,124,20881,1680,1674,-0.30%,523,87539
MYOR,RG,1967659,9364,15064,3165419,5700,1197760,2130,2100,1.43%,27197,5712240
MYTX,RG,0,0,0,0,0,0,36,0,0.00%,0,0
NAIK,RG,259708,17732,44715,654306,26983,394598,146,146,-0.68%,138035,2017303
NASA,RG,0,0,0,0,0,0,36,36,9.09%,24439,87786
NASI,RG,96,12,97,844,85,748,88,88,1.15%,38071,335322
NATO,RG,228,-17,0,0,17,228,134,135,-0.74%,2034,27394
NCKL,RG,4369820,-41087,164108,17156942,205195,21526761,1030,1046,-3.29%,461486,48276870
NELY,RG,10987,314,328,11477,14,490,352,351,0.57%,4652,163097
NEST,RG,272140,-10051,419,11109,10470,283248,262,263,0.00%,111894,2946830
NETV,RG,0,0,0,0,0,0,134,133,0.75%,16890,225076
NFCX,RG,15846,-91,0,0,91,15846,1750,1745,0.29%,373,65078
NICE,RG,291054,-6580,6393,279256,12973,570309,432,437,-3.14%,43097,1882147
NICK,RG,6042,43,43,6042,0,0,1375,1401,-1.08%,124,17375
NICL,RG,2362696,22235,44300,4702758,22065,2340062,1065,1064,-0.93%,174785,18588434
NIKL,RG,11776,-512,0,0,512,11776,230,230,0.00%,8682,199512
NIRO,RG,0,0,0,0,0,0,120,121,-1.64%,1089,13206
NISP,RG,468911,3377,4188,581408,811,112497,1385,1386,0.36%,20997,2910173
NOBU,RG,1406435,-25263,5164,288566,30427,1695001,555,557,-1.77%,55768,3106089
NPGF,RG,158744,-19913,110823,771324,130736,930068,64,71,6.67%,6408844,45408832
NRCA,RG,618418,7288,25914,2221189,18626,1602771,855,859,-2.29%,110066,9453959
NSSS,RG,469698,10613,43496,1915309,32883,1445612,436,440,0.46%,196796,8665268
NTBK,RG,144975,-21078,4432,27533,25510,172508,63,69,5.00%,9282817,63798630
NUSA,RG,0,0,0,0,0,0,50,0,0.00%,0,0
NZIA,RG,1163,-120,0,0,120,1163,96,97,-1.03%,3636,35214
OASA,RG,6281774,-251359,357549,9048739,608908,15330513,246,252,-0.81%,4357163,109957151
OBAT,RG,93668,-2085,259,11595,2344,105263,452,449,1.35%,20687,929029
OBMD,RG,38075,1362,3049,86222,1687,48147,280,281,2.19%,30888,869277
OCAP,RG,0,0,0,0,0,0,159,0,0.00%,0,0
OILS,RG,0,0,0,0,0,0,138,140,-0.72%,15374,214600
OKAS,RG,165939,-5948,147,4073,6095,170013,272,278,-2.16%,37123,1030975
OMED,RG,2477,132,147,2759,15,282,187,187,0.00%,2553,47756
OMRE,RG,0,0,0,0,0,0,426,0,0.00%,0,0
OPMS,RG,2015,-236,104,853,340,2868,82,83,-1.20%,61414,510525
PADA,RG,0,0,0,0,0,0,45,49,-8.16%,204589,997794
PADI,RG,0,0,0,0,0,0,78,76,0.00%,157381,1191260
PALM,RG,538451,-12298,3265,144368,15563,682819,422,436,4.46%,53320,2322564
PAMG,RG,106156,-13308,25783,198916,39091,305072,76,77,0.00%,282069,2184351
PANI,RG,404900,263,896,1376188,633,971288,15200,15345,-2.25%,76128,116815343
PANR,RG,427911,-5675,8658,659883,14333,1087794,755,761,0.00%,77367,5884770
PANS,RG,72122,-517,0,0,517,72122,1390,1389,-0.36%,3486,484238
PART,RG,94092,-8177,88629,1055591,96806,1149682,124,120,7.83%,1452647,17376848
PBID,RG,0,0,0,0,0,0,490,490,0.00%,4094,200668
PBRX,RG,253208,-64925,0,0,64925,253208,39,39,8.33%,1065939,4133936
PBSA,RG,24032,-352,23364,2068708,23716,2092740,875,884,-0.57%,48795,4313776
PCAR,RG,0,0,0,0,0,0,42,42,5.00%,54834,227672
PDES,RG,0,0,0,0,0,0,478,478,0.00%,3,143
PDPP,RG,40793,857,1075,51606,218,10813,500,495,-0.99%,5759,285269
PEGE,RG,16435,1427,2509,28854,1082,12419,115,116,1.77%,41978,486324
PEHA,RG,0,0,0,0,0,0,330,331,-1.20%,123,4067
PEVE,RG,0,0,0,0,0,0,446,448,0.00%,1426,63859
PGAS,RG,32782317,185909,326110,57485948,140201,24703631,1770,1763,0.57%,488412,86090830
PGEO,RG,2274069,15967,44811,6435949,28844,4161880,1445,1438,0.70%,292396,42053202
PGLI,RG,0,0,0,0,0,0,181,179,1.69%,672,12032
PGUN,RG,0,0,0,0,0,0,3850,0,0.00%,0,0
PICO,RG,75,6,21,292,15,217,142,141,-2.74%,10108,142039
PIPA,RG,103396,6987,17149,270049,10162,166653,156,160,-10.86%,1437280,23053648
PJAA,RG,0,0,0,0,0,0,498,499,0.00%,1288,64293
PKPK,RG,17715,296,296,17715,0,0,590,601,0.00%,3346,201222
PLAS,RG,0,0,0,0,0,0,50,0,0.00%,0,0
PLIN,RG,0,0,0,0,0,0,2510,0,0.00%,0,0
PMJS,RG,0,0,0,0,0,0,118,119,-0.84%,2412,28682
PMMP,RG,0,0,0,0,0,0,50,0,0.00%,0,0
PMUI,RG,25098,-1889,3939,51506,5828,76604,129,131,-4.44%,176457,2307001
PNBN,RG,1796737,15613,36013,4133456,20400,2336719,1155,1145,0.43%,68071,7796100
PNBS,RG,16154,-2834,634,3614,3468,19768,57,57,-1.72%,505340,2873742
PNGO,RG,0,0,0,0,0,0,2500,2524,-1.19%,53,13377
PNIN,RG,1362,-16,5,423,21,1784,845,843,0.00%,4458,375932
PNLF,RG,2984336,-116841,121577,3112305,238418,6096641,256,256,-0.78%,792115,20266648
PNSE,RG,919,-11,0,0,11,919,835,837,1.21%,1107,92708
POLA,RG,49109,-18888,0,0,18888,49109,24,25,0.00%,692364,1707273
POLI,RG,0,0,0,0,0,0,765,774,-2.55%,11,852
POLL,RG,0,0,0,0,0,0,112,0,0.00%,0,0
POLU,RG,168223,188,352,290105,164,121883,8625,8071,19.79%,2921,2357570
POLY,RG,2675,-1070,0,0,1070,2675,26,25,8.33%,9191,23200
POOL,RG,0,0,0,0,0,0,50,0,0.00%,0,0
PORT,RG,93,1,1,93,0,0,915,916,-0.54%,1060,97127
POSA,RG,0,0,0,0,0,0,50,0,0.00%,0,0
POWR,RG,69199,1019,4404,308886,3385,239687,705,704,-0.70%,27802,1958094
PPRE,RG,184591,16918,51881,590992,34963,406400,107,114,-13.01%,1719772,19595599
PPRI,RG,44399,1051,30949,873943,29898,829544,286,280,10.00%,494402,13828929
PPRO,RG,0,0,0,0,0,0,21,0,0.00%,0,0
PRAY,RG,2790,-40,0,0,40,2790,695,689,0.00%,134,9238
PRDA,RG,32947,-123,0,0,123,32947,2690,2673,0.75%,341,91146
PRIM,RG,209411,-22010,4706,44565,26716,253976,93,94,-1.06%,408206,3852921
PSAB,RG,37300973,-627868,264503,16016868,892371,53317841,565,600,-7.38%,3048076,182795676
PSAT,RG,141862,-979,941,137836,1920,279698,1440,1459,0.00%,6645,969214
PSDN,RG,38142,-3600,1300,13218,4900,51360,105,103,6.06%,82853,851046
PSGO,RG,4696,-228,5,103,233,4800,206,207,0.00%,7405,153037
PSKT,RG,0,0,0,0,0,0,117,117,0.00%,211928,2476208
PSSI,RG,3292,-93,0,0,93,3292,354,354,0.57%,2169,76878
PTBA,RG,1548879,6412,10341,2498565,3929,949686,2410,2410,-0.41%,123868,29850209
PTDU,RG,0,0,0,0,0,0,16,0,0.00%,0,0
PTIS,RG,3753,-92,0,0,92,3753,416,414,2.97%,581,24053
PTMP,RG,63080,6451,11118,108366,4667,45286,96,97,-3.03%,115328,1121356
PTMR,RG,0,0,0,0,0,0,374,0,0.00%,0,0
PTPP,RG,474055,-11201,28938,1167367,40139,1641421,404,407,0.00%,287170,11674655
PTPS,RG,701602,-39929,2995,52308,42924,753909,173,175,-2.81%,119426,2090439
PTPW,RG,0,0,0,0,0,0,950,950,0.00%,342,32479
PTRO,RG,510984,1494,19211,7104421,17717,6593437,3690,3707,-0.27%,220530,81748742
PTSN,RG,205613,-4069,4540,225351,8609,430964,472,490,-7.45%,80936,3968838
PTSP,RG,11721,-116,280,32261,396,43981,945,1105,-7.80%,18348,2026675
PUDP,RG,0,0,0,0,0,0,224,227,-2.61%,294,6664
PURA,RG,945,315,715,2145,400,1200,30,30,7.14%,115431,346293
PURE,RG,0,0,0,0,0,0,51,0,0.00%,0,0
PURI,RG,0,0,0,0,0,0,185,188,-2.12%,2931,54986
PWON,RG,4643194,124575,380596,14143084,256021,9499890,372,371,0.54%,488008,18119582
PYFA,RG,20790152,-355290,57015,3393733,412305,24183885,570,584,-10.94%,1308403,76473095
PZZA,RG,466271,-21749,6071,130242,27820,596513,214,214,1.90%,59833,1282090
RAAM,RG,344436,-12085,15003,430684,27088,775120,284,287,-2.07%,162793,4665478
RAFI,RG,0,0,0,0,0,0,15,0,0.00%,0,0
RAJA,RG,3317180,12201,86111,24040610,73910,20723430,2710,2799,0.37%,849565,237825565
RALS,RG,119866,-3063,12,470,3075,120336,394,392,1.03%,20231,792636
RANC,RG,0,0,0,0,0,0,418,418,1.95%,22,919
RATU,RG,1420753,-2343,3746,2270890,6089,3691643,5975,6058,0.00%,37015,22423348
RBMS,RG,0,0,0,0,0,0,34,34,0.00%,12643,42986
RDTX,RG,0,0,0,0,0,0,12075,12059,0.42%,8,9648
REAL,RG,100000,-20000,0,0,20000,100000,50,50,8.70%,459596,2288285
RELI,RG,2115,-32,0,0,32,2115,650,652,-0.76%,319,20807
RGAS,RG,118730,9017,47880,573405,38863,454675,112,117,-5.08%,509799,5971302
RICY,RG,0,0,0,0,0,0,63,63,8.62%,41371,260637
RIGS,RG,8047,-95,143,11583,238,19630,815,823,0.62%,5515,454044
RIMO,RG,0,0,0,0,0,0,50,0,0.00%,0,0
RISE,RG,55232,-550,0,0,550,55232,1000,1005,-0.99%,6417,644916
RMKE,RG,841156,-8971,4875,458000,13846,1299156,940,940,-1.05%,39247,3687308
RMKO,RG,74088,5024,5796,85359,772,11271,143,147,-9.49%,103327,1520213
ROCK,RG,0,0,0,0,0,0,625,625,0.00%,1,63
RODA,RG,0,0,0,0,0,0,46,46,0.00%,2778,12779
RONY,RG,0,0,0,0,0,0,2990,0,0.00%,0,0
ROTI,RG,41199,515,515,41199,0,0,800,798,0.00%,2143,171029
RSCH,RG,62872,-1700,0,0,1700,62872,370,369,0.00%,73699,2721962
RSGK,RG,0,0,0,0,0,0,980,0,0.00%,0,0
RUIS,RG,22425,-1005,3000,71098,4005,93524,230,233,2.68%,37034,864207
SAFE,RG,0,0,0,0,0,0,186,187,0.00%,2158,40380
SAGE,RG,0,0,0,0,0,0,42,42,2.44%,72432,303002
SAME,RG,118735,-3425,377,12767,3802,131502,334,341,-4.57%,23630,804791
SAMF,RG,739,22,22,739,0,0,332,335,-0.60%,730,24422
SAPX,RG,4029,-129,0,0,129,4029,310,310,-0.64%,1917,59504
SATU,RG,32583,-1314,20,492,1334,33075,246,247,-0.81%,41664,1029880
SBAT,RG,0,0,0,0,0,0,1,0,0.00%,0,0
SBMA,RG,0,0,0,0,0,0,138,137,1.47%,41383,566099
SCCO,RG,30344,-132,0,0,132,30344,2290,2289,-1.29%,384,87889
SCMA,RG,703543,-18084,429864,13945636,447948,14649179,322,325,-3.01%,1516764,49357985
SCNP,RG,228,13,13,228,0,0,180,177,-1.64%,251,4454
SCPI,RG,0,0,0,0,0,0,29000,0,0.00%,0,0
SDMU,RG,0,0,0,0,0,0,55,55,10.00%,180633,993482
SDPC,RG,0,0,0,0,0,0,133,133,-0.75%,2210,29430
SDRA,RG,30,-1,0,0,1,30,300,301,-0.66%,553,16671
SEMA,RG,0,0,0,0,0,0,102,100,0.00%,34493,346560
SFAN,RG,2490,13,13,2490,0,0,1910,1915,-0.26%,733,140369
SGER,RG,1274663,38336,67459,2250816,29123,976152,336,336,0.60%,1240454,41683763
SGRO,RG,412028,-946,2120,927126,3066,1339154,4350,4371,-0.91%,7172,3134536
SHID,RG,0,0,0,0,0,0,915,908,0.00%,47,4267
SHIP,RG,7187,-16,0,0,16,7187,4500,4562,0.00%,426,194334
SICO,RG,0,0,0,0,0,0,122,123,-1.61%,21670,266570
SIDO,RG,2421017,45550,53898,2865961,8348,444944,530,531,0.95%,119158,6330281
SILO,RG,475081,2169,5112,1116244,2943,641163,2200,2183,0.46%,5804,1266864
SIMA,RG,0,0,0,0,0,0,50,0,0.00%,0,0
SIMP,RG,1378212,21158,57741,3817605,36583,2439394,660,662,0.76%,264454,17516177
SINI,RG,0,0,0,0,0,0,3790,3607,4.70%,394,142123
SIPD,RG,0,0,0,0,0,0,735,735,-0.68%,3,221
SKBM,RG,0,0,0,0,0,0,360,357,0.00%,46,1643
SKLT,RG,20,-1,99,1970,100,1990,193,197,-1.53%,1546,30426
SKRN,RG,47312,-1181,184,7397,1365,54709,402,401,-0.99%,13912,557678
SKYB,RG,0,0,0,0,0,0,51,0,0.00%,0,0
SLIS,RG,105341,9509,79985,769833,70476,664492,90,96,-14.29%,4706198,45165342
SMAR,RG,31455,-52,101,58098,153,89553,5850,5825,-2.09%,1882,1096263
SMBR,RG,1634520,-53390,40582,1218092,93972,2852612,292,301,-1.35%,390187,11737635
SMCB,RG,0,0,0,0,0,0,775,0,0.00%,0,0
SMDM,RG,3154,-38,0,0,38,3154,830,826,0.00%,454,37510
SMDR,RG,9598,-227,16784,564792,17011,574391,336,336,-1.18%,137937,4637166
SMGA,RG,2691172,263203,379694,3890646,116491,1199474,105,103,-0.94%,1212568,12442152
SMGR,RG,723169,2640,22791,6393515,20151,5670346,2780,2808,-0.71%,54622,15337710
SMIL,RG,16698680,332275,444781,22371033,112506,5672353,520,496,7.00%,1689581,83832995
SMKL,RG,337,20,20,337,0,0,168,168,0.60%,1406,23631
SMLE,RG,6040,-400,0,0,400,6040,150,151,-0.66%,5980,90410
SMMA,RG,62405,-37,119,194150,156,256555,16200,16370,-2.26%,498,815218
SMMT,RG,113395,-921,920,109094,1841,222489,1210,1209,11.01%,13365,1615774
SMRA,RG,382828,8495,29470,1328769,20975,945940,452,451,0.44%,194278,8752445
SMRU,RG,0,0,0,0,0,0,50,0,0.00%,0,0
SMSM,RG,213727,-1102,2255,438084,3357,651810,1945,1942,0.00%,5189,1007811
SNLK,RG,112621,2367,10281,484480,7914,371859,476,471,1.28%,92332,4350048
SOCI,RG,86973,-4515,1425,27386,5940,114359,193,193,0.52%,66780,1287982
SOHO,RG,227,3,3,227,0,0,760,760,0.66%,334,25380
SOLA,RG,22158,1519,11766,173924,10247,151766,148,148,1.37%,213198,3148928
SONA,RG,5412,12,48,22945,36,17533,4650,4721,1.09%,4504,2126138
SOSS,RG,0,0,0,0,0,0,1015,0,0.00%,0,0
SOTS,RG,0,0,0,0,0,0,266,256,0.00%,15,383
SPMA,RG,0,0,0,0,0,0,292,290,-0.68%,979,28386
SPTO,RG,18042,269,488,32823,219,14781,670,673,0.00%,2205,148397
SQMI,RG,0,0,0,0,0,0,43,0,0.00%,0,0
SRAJ,RG,1242668,1524,1826,1490323,302,247655,8225,8174,0.30%,5880,4806043
SRIL,RG,0,0,0,0,0,0,146,0,0.00%,0,0
SRSN,RG,35174,-5083,706,4801,5789,39975,68,72,0.00%,1749868,12674071
SRTG,RG,582880,-1326,98144,19952465,99470,20535344,2030,2061,7.12%,703620,144984790
SSIA,RG,2213594,10789,52322,11178511,41533,8964917,2130,2144,-4.48%,386859,82943826
SSMS,RG,2324572,-16154,14820,2130640,30974,4455211,1410,1446,-4.08%,124383,17991173
SSTM,RG,12544,-284,938,33872,1222,46416,292,376,-8.75%,106532,4006769
STAA,RG,1040748,-10181,11167,1141402,21348,2182150,1025,1023,-0.97%,109076,11157417
STAR,RG,0,0,0,0,0,0,47,47,9.30%,3454,16234
STRK,RG,2116559,111415,280697,5587309,169282,3470750,210,202,11.11%,955281,19325209
STTP,RG,0,0,0,0,0,0,10375,10405,-0.24%,30,31215
SUGI,RG,0,0,0,0,0,0,50,0,0.00%,0,0
SULI,RG,19200,2000,2000,19200,0,0,96,96,-1.03%,10981,105485
SUNI,RG,46835,589,1308,102988,719,56154,785,784,0.64%,4290,336140
SUPR,RG,0,0,0,0,0,0,43850,0,0.00%,0,0
SURE,RG,300,-1,0,0,1,300,3000,2994,-0.66%,105,31436
SURI,RG,1564553,141938,468187,5224508,326249,3659956,117,112,3.54%,6475111,72269729
SWAT,RG,0,0,0,0,0,0,16,0,0.00%,0,0
SWID,RG,828,81,2429,23626,2348,22798,96,96,3.23%,39854,382769
TALF,RG,0,0,0,0,0,0,344,353,-7.03%,834,29448
TAMA,RG,0,0,0,0,0,0,36,36,9.09%,10468,37685
TAMU,RG,0,0,0,0,0,0,28,28,3.70%,275712,763340
TAPG,RG,5623491,39406,93357,13316218,53951,7692727,1415,1426,-1.05%,160878,22933473
TARA,RG,0,0,0,0,0,0,33,33,10.00%,22684,74857
TAXI,RG,0,0,0,0,0,0,16,16,6.67%,2338818,3674182
TAYS,RG,4020,-499,380,2888,879,6908,76,76,-1.30%,410614,3116403
TBIG,RG,1188193,6421,6798,1257827,377,69634,1850,1848,2.49%,8655,1599044
TBLA,RG,375632,-4949,2200,165654,7149,541286,750,755,-1.32%,16068,1212973
TBMS,RG,0,0,0,0,0,0,1030,1045,-1.44%,571,59691
TCID,RG,17642,-71,0,0,71,17642,2470,2483,0.00%,77,19122
TCPI,RG,3321160,5880,9629,5432175,3749,2111015,5700,5628,-0.44%,89309,50265978
TDPM,RG,0,0,0,0,0,0,119,0,0.00%,0,0
TEBE,RG,1479356,8859,22407,3799344,13548,2319988,1680,1698,-5.62%,111725,18968608
TECH,RG,0,0,0,0,0,0,50,0,0.00%,0,0
TELE,RG,0,0,0,0,0,0,9,0,0.00%,0,0
TFAS,RG,9571,-670,50,680,720,10251,136,139,2.26%,23591,327144
TFCO,RG,0,0,0,0,0,0,498,0,0.00%,0,0
TGKA,RG,0,0,0,0,0,0,5775,5775,-0.43%,3,1733
TGRA,RG,0,0,0,0,0,0,27,0,0.00%,0,0
TGUK,RG,0,0,0,0,0,0,137,0,0.00%,0,0
TIFA,RG,0,0,0,0,0,0,408,406,-0.97%,386,15678
TINS,RG,5292706,-49868,9354,972832,59222,6265538,1030,1049,-3.29%,254954,26732116
TIRA,RG,1112,-7,0,0,7,1112,1590,1570,-2.75%,358,56197
TIRT,RG,0,0,0,0,0,0,44,0,0.00%,0,0
TKIM,RG,4432885,-5765,1512,1158435,7277,5591320,7575,7666,-1.94%,13967,10706810
TLDN,RG,72509,-884,3267,240127,4151,312635,720,734,-5.88%,45252,3319651
TLKM,RG,27550713,87688,287300,90298948,199612,62748235,3150,3144,1.29%,372238,117027551
TMAS,RG,66969,-4867,53,728,4920,67697,138,137,2.99%,28438,390253
TMPO,RG,121333,-4613,11051,263894,15664,385227,228,234,-14.93%,203640,4764203
TNCA,RG,3678,-210,0,0,210,3678,174,176,-1.14%,9054,159714
TOBA,RG,5121736,-40557,35765,4446581,76322,9568317,1230,1248,-1.99%,511707,63867542
TOOL,RG,139940,-21144,334,2238,21478,142177,65,68,1.56%,585334,4007067
TOPS,RG,0,0,0,0,0,0,1,0,0.00%,0,0
TOSK,RG,209337,31713,166269,1158535,134556,949197,65,70,-9.72%,3574390,24881450
TOTL,RG,253292,3304,3717,284877,413,31585,770,769,1.32%,22453,1726087
TOTO,RG,27366,-1069,10,256,1079,27622,258,256,0.78%,9941,254184
TOWR,RG,1412938,-23498,34879,2101173,58377,3514111,600,601,0.84%,393156,23647244
TOYS,RG,0,0,0,0,0,0,8,0,0.00%,0,0
TPIA,RG,2799393,-3456,16966,13769543,20422,16568935,8125,8112,-0.61%,35075,28451250
TPMA,RG,359503,6149,7245,423833,1096,64330,585,585,-0.85%,40360,2360376
TRAM,RG,0,0,0,0,0,0,50,0,0.00%,0,0
TRGU,RG,13451,-771,0,0,771,13451,174,174,0.00%,2968,51607
TRIL,RG,0,0,0,0,0,0,50,0,0.00%,0,0
TRIM,RG,55581,-1476,536,20475,2012,76056,376,381,-1.05%,10479,399540
TRIN,RG,301,-32,0,0,32,301,94,93,1.08%,26176,244320
TRIO,RG,0,0,0,0,0,0,426,0,0.00%,0,0
TRIS,RG,14169,-713,236,4602,949,18771,197,197,0.00%,7157,140826
TRJA,RG,0,0,0,0,0,0,137,139,-0.72%,6215,86112
TRON,RG,519248,-58208,0,0,58208,519248,89,90,-3.26%,105412,945280
TRST,RG,110,-2,7,336,9,446,496,495,-0.80%,338,16732
TRUE,RG,6410,-1105,0,0,1105,6410,60,59,3.45%,137354,809536
TRUK,RG,0,0,0,0,0,0,196,206,-2.97%,20487,422645
TRUS,RG,0,0,0,0,0,0,472,472,-1.67%,117,5525
TSPC,RG,27952,-123,645,145772,768,173724,2270,2267,1.34%,3300,747961
TUGU,RG,112717,1163,3571,343775,2408,231058,960,961,-0.52%,24146,2319417
TYRE,RG,1228,-94,0,0,94,1228,129,129,-1.53%,5100,65625
UANG,RG,0,0,0,0,0,0,775,775,9.93%,9395,728113
UCID,RG,528926,-11543,31340,1433113,42883,1962038,460,458,0.00%,56256,2575665
UFOE,RG,0,0,0,0,0,0,175,175,-1.13%,781,13697
ULTJ,RG,401594,-3151,986,126066,4137,527660,1275,1276,-0.39%,15941,2033890
UNIC,RG,0,0,0,0,0,0,7975,7994,-0.93%,17,13590
UNIQ,RG,2550700,-70366,9727,349629,80093,2900329,362,364,-5.24%,387507,14108349
UNIT,RG,0,0,0,0,0,0,316,0,0.00%,0,0
UNSP,RG,0,0,0,0,0,0,168,171,-1.75%,6339,108423
UNTD,RG,7442,-886,1292,10853,2178,18295,83,84,-1.19%,99685,835993
UNTR,RG,1753608,-688,13975,35693740,14663,37447348,25350,25570,-0.98%,31768,81230183
UNVR,RG,11924780,-70150,159610,27287423,229760,39212202,1705,1708,-0.29%,277023,47322781
URBN,RG,1011,73,73,1011,0,0,139,141,-2.80%,4376,61820
UVCR,RG,1236,-167,0,0,167,1236,75,78,1.35%,320843,2490140
VAST,RG,97436,-5513,452,8003,5965,105439,175,177,-1.13%,27297,483457
VERN,RG,117242,-8462,1329,17924,9791,135166,132,136,-7.04%,146106,1988738
VICI,RG,861,-14,0,0,14,861,615,615,0.00%,6228,383192
VICO,RG,6408,-314,432,7949,746,14357,184,187,0.55%,20257,378297
VINS,RG,1271,-75,456,5746,531,7016,126,129,0.00%,3157,40752
VISI,RG,23772,-1660,225,3235,1885,27007,142,144,0.00%,87227,1258402
VIVA,RG,786893,-231439,0,0,231439,786893,34,34,9.68%,364516,1239354
VKTR,RG,850294,-72408,13773,157183,86181,1007477,111,116,-10.48%,484529,5619460
VOKS,RG,4229,-160,29,760,189,4988,254,260,-5.22%,3957,102951
VRNA,RG,837,-74,809,7443,883,8280,91,92,0.00%,14361,132483
VTNY,RG,32426,-2985,5842,61003,8827,93429,104,104,-1.89%,157662,1644087
WAPO,RG,231534,-9662,39027,855010,48689,1086544,206,219,0.00%,1142196,24969397
WEGE,RG,290655,-26545,146246,1205185,172791,1495840,79,88,-7.06%,8465273,74433670
WEHA,RG,83,-7,0,0,7,83,117,117,0.00%,11648,136430
WICO,RG,0,0,0,0,0,0,123,0,0.00%,0,0
WIFI,RG,22613547,87496,165639,42931915,78143,20318368,2580,2594,0.78%,768937,199449450
WIIM,RG,61576,777,817,64748,40,3172,795,792,0.63%,6913,547359
WIKA,RG,0,0,0,0,0,0,204,0,0.00%,0,0
WINE,RG,0,0,0,0,0,0,214,215,0.00%,4332,93009
WINR,RG,0,0,0,0,0,0,30,29,0.00%,262317,770008
WINS,RG,9044,-216,1825,74021,2041,83065,402,406,-1.95%,21041,853637
WIRG,RG,3987437,-211701,680263,12130084,891964,16117522,177,181,-0.56%,7973733,143964181
WMPP,RG,0,0,0,0,0,0,12,0,0.00%,0,0
WMUU,RG,0,0,0,0,0,0,17,17,0.00%,1206894,2107254
WOMF,RG,0,0,0,0,0,0,342,339,0.59%,444,15070
WOOD,RG,567849,-15493,385,14181,15878,582030,370,368,-0.54%,49864,1835621
WOWS,RG,10189,-815,0,0,815,10189,123,128,-14.58%,2582931,33111555
WSBP,RG,165000,50000,50005,165017,5,17,33,33,10.00%,3803841,12552675
WSKT,RG,0,0,0,0,0,0,202,0,0.00%,0,0
WTON,RG,16506,-658,54015,578855,54673,595361,105,108,-6.25%,710963,7664928
YELO,RG,0,0,0,0,0,0,61,62,-4.69%,50254,312289
YOII,RG,0,0,0,0,0,0,96,95,0.00%,27718,263795
YPAS,RG,0,0,0,0,0,0,354,0,0.00%,0,0
YULE,RG,0,0,0,0,0,0,2700,2700,0.00%,5,1350
YUPI,RG,3738,-23,0,0,23,3738,1615,1614,-0.62%,233,37604
ZATA,RG,0,0,0,0,0,0,26,26,8.33%,108372,281767
ZBRA,RG,0,0,0,0,0,0,50,0,0.00%,0,0
ZINC,RG,1540,-700,0,0,700,1540,22,22,10.00%,305930,673046
ZONE,RG,0,0,0,0,0,0,740,741,0.00%,1275,94453
ZYRX,RG,13614,-864,937,14838,1801,28452,155,159,0.65%,32241,511382

